subject,testsuite,type,total_mutants,killed,estimator,estimation,CILower,CIUpper,MEstimate,MLower,MUpper
commons-collections,dynamosa,classes,8309,7762,bootstrap,10510.903298409,7332.36154128386,13689.4450555341,8288.4,8196.813666092314,8308.478519172066
commons-collections,dynamosa,classes,8309,7762,ice,15595.3871266418,13692.0958196491,17498.6784336345,8288.4,8196.813666092314,8308.478519172066
commons-collections,dynamosa,classes,8309,7762,spader_chao,9470.143,9321.879,9632.5,8288.4,8196.813666092314,8308.478519172066
commons-collections,dynamosa,classes,8309,7762,spader_ice,10623.617,10394.449,10872.735,8288.4,8196.813666092314,8308.478519172066
commons-collections,dynamosa,classes,8309,7762,spader_ice1,11001.236,10693.632,11341.116,8288.4,8196.813666092314,8308.478519172066
commons-collections,dynamosa,classes,8309,7762,spader_ichao2,9470.143,9321.879,9632.5,8288.4,8196.813666092314,8308.478519172066
commons-collections,dynamosa,classes,8309,7762,species_chaobunge,11381.0,10963.0,11852.0,8288.4,8196.813666092314,8308.478519172066
commons-collections,dynamosa,classes,8309,7762,species_jackknife,11181.0,10908.0,11454.0,8288.4,8196.813666092314,8308.478519172066
commons-collections,dynamosa,classes,8309,7762,species_pcg,10556.0,10476.0,11197.0,8288.4,8196.813666092314,8308.478519172066
commons-collections,dynamosa,classes,8309,7762,species_pnpmle,18050.0,17901.0,19611.0,8288.4,8196.813666092314,8308.478519172066
commons-collections,dynamosa,classes,8309,7762,species_unpmle,10550.0,10456.0,12058.0,8288.4,8196.813666092314,8308.478519172066
commons-collections,dynamosa,classes,8309,7762,zelterman,9147.28666271754,8975.58719475445,9318.98613068063,8288.4,8196.813666092314,8308.478519172066
commons-collections,dynamosa,methods,8309,7762,bootstrap,10138.6528611458,7494.43990726849,12782.8658150231,8288.4,8196.813666092314,8308.478519172066
commons-collections,dynamosa,methods,8309,7762,ice,51745.8470737159,23877.880606072,79613.8135413597,8288.4,8196.813666092314,8308.478519172066
commons-collections,dynamosa,methods,8309,7762,spader_chao,10577.465,10315.455,10866.359,8288.4,8196.813666092314,8308.478519172066
commons-collections,dynamosa,methods,8309,7762,spader_ice,10673.04,10454.055,10909.838,8288.4,8196.813666092314,8308.478519172066
commons-collections,dynamosa,methods,8309,7762,spader_ice1,11689.229,11353.35,12056.521,8288.4,8196.813666092314,8308.478519172066
commons-collections,dynamosa,methods,8309,7762,spader_ichao2,11271.061,11112.663,11436.946,8288.4,8196.813666092314,8308.478519172066
commons-collections,dynamosa,methods,8309,7762,species_chaobunge,13329.0,12638.0,14102.0,8288.4,8196.813666092314,8308.478519172066
commons-collections,dynamosa,methods,8309,7762,species_jackknife,14911.0,13790.0,16032.0,8288.4,8196.813666092314,8308.478519172066
commons-collections,dynamosa,methods,8309,7762,species_pcg,18643.0,12102.0,19975.0,8288.4,8196.813666092314,8308.478519172066
commons-collections,dynamosa,methods,8309,7762,species_pnpmle,21707.0,16105.0,21218.0,8288.4,8196.813666092314,8308.478519172066
commons-collections,dynamosa,methods,8309,7762,species_unpmle,118365897.0,12004.0,127770867.0,8288.4,8196.813666092314,8308.478519172066
commons-collections,dynamosa,methods,8309,7762,zelterman,12281.8428136992,11795.2450865448,12768.4405408536,8288.4,8196.813666092314,8308.478519172066
commons-collections,organic,classes,8309,6249,bootstrap,8652.17568229852,8100.69698424456,9203.65438035248,8288.4,8196.813666092314,8308.478519172066
commons-collections,organic,classes,8309,6249,ice,21771.7815102404,18803.4584332207,24740.1045872602,8288.4,8196.813666092314,8308.478519172066
commons-collections,organic,classes,8309,6249,spader_chao,11195.384,10771.094,11659.485,8288.4,8196.813666092314,8308.478519172066
commons-collections,organic,classes,8309,6249,spader_ice,12474.379,12014.291,12971.183,8288.4,8196.813666092314,8308.478519172066
commons-collections,organic,classes,8309,6249,spader_ice1,16045.755,15140.703,17042.927,8288.4,8196.813666092314,8308.478519172066
commons-collections,organic,classes,8309,6249,spader_ichao2,12181.634,11873.437,12506.718,8288.4,8196.813666092314,8308.478519172066
commons-collections,organic,classes,8309,6249,species_chaobunge,512220.0,30472.0,10515399.0,8288.4,8196.813666092314,8308.478519172066
commons-collections,organic,classes,8309,6249,species_jackknife,14387.0,13710.0,15064.0,8288.4,8196.813666092314,8308.478519172066
commons-collections,organic,classes,8309,6249,species_pcg,12095.0,11545.0,18526.0,8288.4,8196.813666092314,8308.478519172066
commons-collections,organic,classes,8309,6249,species_pnpmle,18058.0,17591.0,21567.0,8288.4,8196.813666092314,8308.478519172066
commons-collections,organic,classes,8309,6249,species_unpmle,12160.0,11739.0,16069.0,8288.4,8196.813666092314,8308.478519172066
commons-collections,organic,classes,8309,6249,zelterman,12180.5706144182,11610.3808178489,12750.7604109874,8288.4,8196.813666092314,8308.478519172066
commons-collections,organic,methods,8309,6249,bootstrap,7381.00556264105,7261.59384536776,7500.41727991435,8288.4,8196.813666092314,8308.478519172066
commons-collections,organic,methods,8309,6249,ice,46885.7875604896,22478.8338082622,71292.7413127171,8288.4,8196.813666092314,8308.478519172066
commons-collections,organic,methods,8309,6249,spader_chao,7829.527,7632.074,8055.17,8288.4,8196.813666092314,8308.478519172066
commons-collections,organic,methods,8309,6249,spader_ice,7571.352,7439.042,7718.372,8288.4,8196.813666092314,8308.478519172066
commons-collections,organic,methods,8309,6249,spader_ice1,7990.586,7798.18,8206.888,8288.4,8196.813666092314,8308.478519172066
commons-collections,organic,methods,8309,6249,spader_ichao2,8117.602,7970.177,8277.653,8288.4,8196.813666092314,8308.478519172066
commons-collections,organic,methods,8309,6249,species_chaobunge,8463.0,8144.0,8808.0,8288.4,8196.813666092314,8308.478519172066
commons-collections,organic,methods,8309,6249,species_jackknife,9041.0,8741.0,9341.0,8288.4,8196.813666092314,8308.478519172066
commons-collections,organic,methods,8309,6249,species_pcg,8360.0,7970.0,9554.0,8288.4,8196.813666092314,8308.478519172066
commons-collections,organic,methods,8309,6249,species_pnpmle,8409.0,8408.0,9893.0,8288.4,8196.813666092314,8308.478519172066
commons-collections,organic,methods,8309,6249,species_unpmle,8406.0,8222.0,9437.0,8288.4,8196.813666092314,8308.478519172066
commons-collections,organic,methods,8309,6249,zelterman,10131.9230599794,9575.83522921967,10688.0108907391,8288.4,8196.813666092314,8308.478519172066
commons-collections,random,classes,8309,4761,bootstrap,6669.80956496492,6330.49182009907,7009.12730983076,8288.4,8196.813666092314,8308.478519172066
commons-collections,random,classes,8309,4761,ice,20661.5509392874,17285.5784293063,24037.5234492686,8288.4,8196.813666092314,8308.478519172066
commons-collections,random,classes,8309,4761,spader_chao,9892.239,9399.237,10437.643,8288.4,8196.813666092314,8308.478519172066
commons-collections,random,classes,8309,4761,spader_ice,11096.7,10555.045,11688.991,8288.4,8196.813666092314,8308.478519172066
commons-collections,random,classes,8309,4761,spader_ice1,15153.358,14000.655,16449.866,8288.4,8196.813666092314,8308.478519172066
commons-collections,random,classes,8309,4761,spader_ichao2,11019.229,10635.74,11427.752,8288.4,8196.813666092314,8308.478519172066
commons-collections,random,classes,8309,4761,species_chaobunge,-19722.0,-11998.0,-31035.0,8288.4,8196.813666092314,8308.478519172066
commons-collections,random,classes,8309,4761,species_jackknife,13668.0,12773.0,14563.0,8288.4,8196.813666092314,8308.478519172066
commons-collections,random,classes,8309,4761,species_pcg,14293.0,11844.0,19828.0,8288.4,8196.813666092314,8308.478519172066
commons-collections,random,classes,8309,4761,species_pnpmle,12768.0,10357.0,13992.0,8288.4,8196.813666092314,8308.478519172066
commons-collections,random,classes,8309,4761,species_unpmle,23013.0,10249.0,73950.0,8288.4,8196.813666092314,8308.478519172066
commons-collections,random,classes,8309,4761,zelterman,10756.1968752928,10119.3041867902,11393.0895637954,8288.4,8196.813666092314,8308.478519172066
commons-collections,random,methods,8309,4761,bootstrap,5990.76488240785,5915.19992517186,6066.32983964384,8288.4,8196.813666092314,8308.478519172066
commons-collections,random,methods,8309,4761,ice,21460.2903635744,14296.1908915083,28624.3898356405,8288.4,8196.813666092314,8308.478519172066
commons-collections,random,methods,8309,4761,spader_chao,6020.342,5868.598,6192.875,8288.4,8196.813666092314,8308.478519172066
commons-collections,random,methods,8309,4761,spader_ice,6383.832,6226.721,6557.784,8288.4,8196.813666092314,8308.478519172066
commons-collections,random,methods,8309,4761,spader_ice1,6935.379,6698.51,7201.207,8288.4,8196.813666092314,8308.478519172066
commons-collections,random,methods,8309,4761,spader_ichao2,6334.509,6245.439,6428.925,8288.4,8196.813666092314,8308.478519172066
commons-collections,random,methods,8309,4761,species_chaobunge,7731.0,7280.0,8244.0,8288.4,8196.813666092314,8308.478519172066
commons-collections,random,methods,8309,4761,species_jackknife,6939.0,6747.0,7131.0,8288.4,8196.813666092314,8308.478519172066
commons-collections,random,methods,8309,4761,species_pcg,6183.0,6095.0,6672.0,8288.4,8196.813666092314,8308.478519172066
commons-collections,random,methods,8309,4761,species_pnpmle,6230.0,6109.0,6697.0,8288.4,8196.813666092314,8308.478519172066
commons-collections,random,methods,8309,4761,species_unpmle,6229.0,6164.0,7400.0,8288.4,8196.813666092314,8308.478519172066
commons-collections,random,methods,8309,4761,zelterman,6636.21331630801,6356.85007595422,6915.5765566618,8288.4,8196.813666092314,8308.478519172066
commons-compress,dynamosa,classes,9566,4719,bootstrap,6462.17706866047,6012.78520287884,6911.56893444209,9532.92,9385.848353122998,9565.16259292291
commons-compress,dynamosa,classes,9566,4719,ice,9690.49457822639,8657.75124873037,10723.2379077224,9532.92,9385.848353122998,9565.16259292291
commons-compress,dynamosa,classes,9566,4719,spader_chao,7401.719,7131.969,7701.626,9532.92,9385.848353122998,9565.16259292291
commons-compress,dynamosa,classes,9566,4719,spader_ice,7391.826,7142.049,7667.35,9532.92,9385.848353122998,9565.16259292291
commons-compress,dynamosa,classes,9566,4719,spader_ice1,8005.054,7633.549,8423.914,9532.92,9385.848353122998,9565.16259292291
commons-compress,dynamosa,classes,9566,4719,spader_ichao2,7956.245,7796.123,8124.7,9532.92,9385.848353122998,9565.16259292291
commons-compress,dynamosa,classes,9566,4719,species_chaobunge,9152.0,8393.0,10066.0,9532.92,9385.848353122998,9565.16259292291
commons-compress,dynamosa,classes,9566,4719,species_jackknife,12273.0,11276.0,13270.0,9532.92,9385.848353122998,9565.16259292291
commons-compress,dynamosa,classes,9566,4719,species_pcg,2363911.0,2363977.0,2365013.0,9532.92,9385.848353122998,9565.16259292291
commons-compress,dynamosa,classes,9566,4719,species_pnpmle,18275.0,12055.0,16231.0,9532.92,9385.848353122998,9565.16259292291
commons-compress,dynamosa,classes,9566,4719,species_unpmle,110729542.0,7202.0,122161930.0,9532.92,9385.848353122998,9565.16259292291
commons-compress,dynamosa,classes,9566,4719,zelterman,7944.47290787923,7566.88603020896,8322.05978554951,9532.92,9385.848353122998,9565.16259292291
commons-compress,dynamosa,methods,9566,4719,bootstrap,5568.06015255167,5337.64402707385,5798.47627802949,9532.92,9385.848353122998,9565.16259292291
commons-compress,dynamosa,methods,9566,4719,ice,10181.8002879026,8452.0889299109,11911.5116458944,9532.92,9385.848353122998,9565.16259292291
commons-compress,dynamosa,methods,9566,4719,spader_chao,5246.76,5163.564,5345.524,9532.92,9385.848353122998,9565.16259292291
commons-compress,dynamosa,methods,9566,4719,spader_ice,5278.889,5209.173,5358.52,9532.92,9385.848353122998,9565.16259292291
commons-compress,dynamosa,methods,9566,4719,spader_ice1,5364.888,5280.721,5461.667,9532.92,9385.848353122998,9565.16259292291
commons-compress,dynamosa,methods,9566,4719,spader_ichao2,5304.789,5260.089,5353.181,9532.92,9385.848353122998,9565.16259292291
commons-compress,dynamosa,methods,9566,4719,species_chaobunge,5402.0,5305.0,5506.0,9532.92,9385.848353122998,9565.16259292291
commons-compress,dynamosa,methods,9566,4719,species_jackknife,7816.0,6964.0,8668.0,9532.92,9385.848353122998,9565.16259292291
commons-compress,dynamosa,methods,9566,4719,species_pcg,6816.0,5150.0,5652.0,9532.92,9385.848353122998,9565.16259292291
commons-compress,dynamosa,methods,9566,4719,species_pnpmle,5246.0,5218.0,5382.0,9532.92,9385.848353122998,9565.16259292291
commons-compress,dynamosa,methods,9566,4719,species_unpmle,36420.0,36420.0,36420.0,9532.92,9385.848353122998,9565.16259292291
commons-compress,dynamosa,methods,9566,4719,zelterman,5782.18527971432,5557.19818370489,6007.17237572376,9532.92,9385.848353122998,9565.16259292291
commons-compress,organic,classes,9566,6258,bootstrap,7682.38157841635,7314.94899662217,8049.81416021052,9532.92,9385.848353122998,9565.16259292291
commons-compress,organic,classes,9566,6258,ice,9175.57179339547,8878.26482514383,9472.87876164712,9532.92,9385.848353122998,9565.16259292291
commons-compress,organic,classes,9566,6258,spader_chao,7613.191,7458.294,7788.078,9532.92,9385.848353122998,9565.16259292291
commons-compress,organic,classes,9566,6258,spader_ice,7572.553,7450.468,7707.137,9532.92,9385.848353122998,9565.16259292291
commons-compress,organic,classes,9566,6258,spader_ice1,7873.725,7711.811,8053.671,9532.92,9385.848353122998,9565.16259292291
commons-compress,organic,classes,9566,6258,spader_ichao2,7945.402,7852.03,8044.244,9532.92,9385.848353122998,9565.16259292291
commons-compress,organic,classes,9566,6258,species_chaobunge,8072.0,7864.0,8300.0,9532.92,9385.848353122998,9565.16259292291
commons-compress,organic,classes,9566,6258,species_jackknife,8659.0,8456.0,8862.0,9532.92,9385.848353122998,9565.16259292291
commons-compress,organic,classes,9566,6258,species_pcg,3120320.0,3120569.0,3121848.0,9532.92,9385.848353122998,9565.16259292291
commons-compress,organic,classes,9566,6258,species_pnpmle,13316.0,13121.0,13901.0,9532.92,9385.848353122998,9565.16259292291
commons-compress,organic,classes,9566,6258,species_unpmle,8234.0,8234.0,8234.0,9532.92,9385.848353122998,9565.16259292291
commons-compress,organic,classes,9566,6258,zelterman,8585.51606693372,8258.25427654833,8912.7778573191,9532.92,9385.848353122998,9565.16259292291
commons-compress,organic,methods,9566,6258,bootstrap,7038.11673017431,6893.92687958484,7182.30658076379,9532.92,9385.848353122998,9565.16259292291
commons-compress,organic,methods,9566,6258,ice,8769.84536502233,8446.52880726859,9093.16192277606,9532.92,9385.848353122998,9565.16259292291
commons-compress,organic,methods,9566,6258,spader_chao,6991.69,6880.286,7123.039,9532.92,9385.848353122998,9565.16259292291
commons-compress,organic,methods,9566,6258,spader_ice,6973.718,6887.225,7072.101,9532.92,9385.848353122998,9565.16259292291
commons-compress,organic,methods,9566,6258,spader_ice1,7147.427,7032.247,7279.742,9532.92,9385.848353122998,9565.16259292291
commons-compress,organic,methods,9566,6258,spader_ichao2,7169.891,7093.563,7253.192,9532.92,9385.848353122998,9565.16259292291
commons-compress,organic,methods,9566,6258,species_chaobunge,7266.0,7111.0,7427.0,9532.92,9385.848353122998,9565.16259292291
commons-compress,organic,methods,9566,6258,species_jackknife,7554.0,7405.0,7703.0,9532.92,9385.848353122998,9565.16259292291
commons-compress,organic,methods,9566,6258,species_pcg,2563445.0,1384863.0,2563840.0,9532.92,9385.848353122998,9565.16259292291
commons-compress,organic,methods,9566,6258,species_pnpmle,9979.0,9913.0,11580.0,9532.92,9385.848353122998,9565.16259292291
commons-compress,organic,methods,9566,6258,species_unpmle,7263.0,7263.0,7263.0,9532.92,9385.848353122998,9565.16259292291
commons-compress,organic,methods,9566,6258,zelterman,8557.8985907195,8129.45910691652,8986.33807452248,9532.92,9385.848353122998,9565.16259292291
commons-compress,random,classes,9566,4239,bootstrap,5855.64742583561,5378.91658998532,6332.37826168591,9532.92,9385.848353122998,9565.16259292291
commons-compress,random,classes,9566,4239,ice,9990.39283156043,9132.34013962359,10848.4455234973,9532.92,9385.848353122998,9565.16259292291
commons-compress,random,classes,9566,4239,spader_chao,6780.386,6518.727,7072.077,9532.92,9385.848353122998,9565.16259292291
commons-compress,random,classes,9566,4239,spader_ice,7555.311,7252.155,7888.967,9532.92,9385.848353122998,9565.16259292291
commons-compress,random,classes,9566,4239,spader_ice1,8878.876,8358.652,9464.794,9532.92,9385.848353122998,9565.16259292291
commons-compress,random,classes,9566,4239,spader_ichao2,7412.631,7247.323,7587.024,9532.92,9385.848353122998,9565.16259292291
commons-compress,random,classes,9566,4239,species_chaobunge,14904.0,11954.0,18976.0,9532.92,9385.848353122998,9565.16259292291
commons-compress,random,classes,9566,4239,species_jackknife,8415.0,8049.0,8781.0,9532.92,9385.848353122998,9565.16259292291
commons-compress,random,classes,9566,4239,species_pcg,2123875.0,2123955.0,2124868.0,9532.92,9385.848353122998,9565.16259292291
commons-compress,random,classes,9566,4239,species_pnpmle,11207.0,10786.0,12596.0,9532.92,9385.848353122998,9565.16259292291
commons-compress,random,classes,9566,4239,species_unpmle,7120.0,7120.0,7120.0,9532.92,9385.848353122998,9565.16259292291
commons-compress,random,classes,9566,4239,zelterman,7117.35233279056,6770.08298376128,7464.62168181984,9532.92,9385.848353122998,9565.16259292291
commons-compress,random,methods,9566,4239,bootstrap,5203.59710082788,4909.94995714469,5497.24424451107,9532.92,9385.848353122998,9565.16259292291
commons-compress,random,methods,9566,4239,ice,10974.8060559113,10121.7735825252,11827.8385292974,9532.92,9385.848353122998,9565.16259292291
commons-compress,random,methods,9566,4239,spader_chao,4888.277,4795.031,4997.16,9532.92,9385.848353122998,9565.16259292291
commons-compress,random,methods,9566,4239,spader_ice,5027.46,4936.36,5130.462,9532.92,9385.848353122998,9565.16259292291
commons-compress,random,methods,9566,4239,spader_ice1,5167.822,5052.672,5299.268,9532.92,9385.848353122998,9565.16259292291
commons-compress,random,methods,9566,4239,spader_ichao2,4935.521,4875.519,5001.18,9532.92,9385.848353122998,9565.16259292291
commons-compress,random,methods,9566,4239,species_chaobunge,5255.0,5114.0,5410.0,9532.92,9385.848353122998,9565.16259292291
commons-compress,random,methods,9566,4239,species_jackknife,5506.0,5347.0,5665.0,9532.92,9385.848353122998,9565.16259292291
commons-compress,random,methods,9566,4239,species_pcg,4944.0,4887.0,5134.0,9532.92,9385.848353122998,9565.16259292291
commons-compress,random,methods,9566,4239,species_pnpmle,5543.0,4820.0,5884.0,9532.92,9385.848353122998,9565.16259292291
commons-compress,random,methods,9566,4239,species_unpmle,5486.0,5486.0,5486.0,9532.92,9385.848353122998,9565.16259292291
commons-compress,random,methods,9566,4239,zelterman,5203.06462775503,5015.79236412806,5390.33689138199,9532.92,9385.848353122998,9565.16259292291
commons-configuration,dynamosa,classes,6279,2509,bootstrap,3428.96695442622,3169.81034465071,3688.12356420173,6276.6,6273.044570597241,6278.339730360829
commons-configuration,dynamosa,classes,6279,2509,ice,8965.14022055101,7881.69478691738,10048.5856541846,6276.6,6273.044570597241,6278.339730360829
commons-configuration,dynamosa,classes,6279,2509,spader_chao,5406.712,5002.43,5876.544,6276.6,6273.044570597241,6278.339730360829
commons-configuration,dynamosa,classes,6279,2509,spader_ice,5623.112,5269.285,6022.295,6276.6,6273.044570597241,6278.339730360829
commons-configuration,dynamosa,classes,6279,2509,spader_ice1,8166.311,7357.468,9110.089,6276.6,6273.044570597241,6278.339730360829
commons-configuration,dynamosa,classes,6279,2509,spader_ichao2,5898.535,5567.372,6265.555,6276.6,6273.044570597241,6278.339730360829
commons-configuration,dynamosa,classes,6279,2509,species_chaobunge,-5171.0,-3347.0,-7585.0,6276.6,6273.044570597241,6278.339730360829
commons-configuration,dynamosa,classes,6279,2509,species_jackknife,7533.0,6919.0,8147.0,6276.6,6273.044570597241,6278.339730360829
commons-configuration,dynamosa,classes,6279,2509,species_pcg,13430.0,7069.0,15539.0,6276.6,6273.044570597241,6278.339730360829
commons-configuration,dynamosa,classes,6279,2509,species_pnpmle,7484.0,6103.0,8459.0,6276.6,6273.044570597241,6278.339730360829
commons-configuration,dynamosa,classes,6279,2509,species_unpmle,9510.0,6425.0,50846255.0,6276.6,6273.044570597241,6278.339730360829
commons-configuration,dynamosa,classes,6279,2509,zelterman,6414.26241522156,5809.17945499489,7019.34537544824,6276.6,6273.044570597241,6278.339730360829
commons-configuration,dynamosa,methods,6279,2509,bootstrap,2987.8072568135,2940.19038102901,3035.42413259799,6276.6,6273.044570597241,6278.339730360829
commons-configuration,dynamosa,methods,6279,2509,ice,11474.6716244685,9290.30962564419,13659.0336232928,6276.6,6273.044570597241,6278.339730360829
commons-configuration,dynamosa,methods,6279,2509,spader_chao,2949.631,2865.264,3053.977,6276.6,6273.044570597241,6278.339730360829
commons-configuration,dynamosa,methods,6279,2509,spader_ice,2962.834,2893.096,3045.235,6276.6,6273.044570597241,6278.339730360829
commons-configuration,dynamosa,methods,6279,2509,spader_ice1,3074.451,2980.674,3186.873,6276.6,6273.044570597241,6278.339730360829
commons-configuration,dynamosa,methods,6279,2509,spader_ichao2,3058.343,3005.117,3117.28,6276.6,6273.044570597241,6278.339730360829
commons-configuration,dynamosa,methods,6279,2509,species_chaobunge,3161.0,3031.0,3304.0,6276.6,6273.044570597241,6278.339730360829
commons-configuration,dynamosa,methods,6279,2509,species_jackknife,3286.0,3171.0,3401.0,6276.6,6273.044570597241,6278.339730360829
commons-configuration,dynamosa,methods,6279,2509,species_pcg,3442.0,3016.0,3642.0,6276.6,6273.044570597241,6278.339730360829
commons-configuration,dynamosa,methods,6279,2509,species_pnpmle,3101.0,2999.0,3461.0,6276.6,6273.044570597241,6278.339730360829
commons-configuration,dynamosa,methods,6279,2509,species_unpmle,3095.0,2987.0,3699.0,6276.6,6273.044570597241,6278.339730360829
commons-configuration,dynamosa,methods,6279,2509,zelterman,3434.3401567973,3208.13047360187,3660.54983999272,6276.6,6273.044570597241,6278.339730360829
commons-configuration,organic,classes,6279,6219,bootstrap,6468.07405829262,5825.13020337356,7111.01791321168,6276.6,6273.044570597241,6278.339730360829
commons-configuration,organic,classes,6279,6219,ice,6255.70305695177,6243.43700329807,6267.96911060547,6276.6,6273.044570597241,6278.339730360829
commons-configuration,organic,classes,6279,6219,spader_chao,6221.887,6219.863,6228.662,6276.6,6273.044570597241,6278.339730360829
commons-configuration,organic,classes,6279,6219,spader_ice,6224.091,6221.091,6231.396,6276.6,6273.044570597241,6278.339730360829
commons-configuration,organic,classes,6279,6219,spader_ice1,6224.091,6221.091,6231.396,6276.6,6273.044570597241,6278.339730360829
commons-configuration,organic,classes,6279,6219,spader_ichao2,6221.887,6219.863,6228.662,6276.6,6273.044570597241,6278.339730360829
commons-configuration,organic,classes,6279,6219,species_chaobunge,6223.0,6219.0,6227.0,6276.6,6273.044570597241,6278.339730360829
commons-configuration,organic,classes,6279,6219,species_jackknife,6255.0,6238.0,6272.0,6276.6,6273.044570597241,6278.339730360829
commons-configuration,organic,classes,6279,6219,species_pcg,6243.0,6233.0,6252.0,6276.6,6273.044570597241,6278.339730360829
commons-configuration,organic,classes,6279,6219,species_pnpmle,7970.0,7960.0,8030.0,6276.6,6273.044570597241,6278.339730360829
commons-configuration,organic,classes,6279,6219,species_unpmle,6244.0,6238.0,6266.0,6276.6,6273.044570597241,6278.339730360829
commons-configuration,organic,classes,6279,6219,zelterman,6219.02589979247,6218.69085130184,6219.3609482831,6276.6,6273.044570597241,6278.339730360829
commons-configuration,organic,methods,6279,6219,bootstrap,6223.69973264972,6218.76242238819,6228.63704291125,6276.6,6273.044570597241,6278.339730360829
commons-configuration,organic,methods,6279,6219,ice,6222.91077160969,6215.24025053976,6230.58129267962,6276.6,6273.044570597241,6278.339730360829
commons-configuration,organic,methods,6279,6219,spader_chao,6219.062,6219.002,6220.916,6276.6,6273.044570597241,6278.339730360829
commons-configuration,organic,methods,6279,6219,spader_ice,6219.114,6219.006,6221.338,6276.6,6273.044570597241,6278.339730360829
commons-configuration,organic,methods,6279,6219,spader_ice1,6219.114,6219.006,6221.338,6276.6,6273.044570597241,6278.339730360829
commons-configuration,organic,methods,6279,6219,spader_ichao2,6219.062,6219.002,6220.916,6276.6,6273.044570597241,6278.339730360829
commons-configuration,organic,methods,6279,6219,species_chaobunge,6219.0,6219.0,6219.0,6276.6,6273.044570597241,6278.339730360829
commons-configuration,organic,methods,6279,6219,species_jackknife,6220.0,6217.0,6223.0,6276.6,6273.044570597241,6278.339730360829
commons-configuration,organic,methods,6279,6219,species_pnpmle,6220.0,6216.0,6226.0,6276.6,6273.044570597241,6278.339730360829
commons-configuration,organic,methods,6279,6219,species_unpmle,6220.0,6219.0,6231.0,6276.6,6273.044570597241,6278.339730360829
commons-configuration,organic,methods,6279,6219,zelterman,6219.00069985633,6218.94386260989,6219.05753710277,6276.6,6273.044570597241,6278.339730360829
commons-configuration,random,classes,6279,2429,bootstrap,3281.83310651264,3053.64654149153,3510.01967153375,6276.6,6273.044570597241,6278.339730360829
commons-configuration,random,classes,6279,2429,ice,8022.05921236484,7119.41385928808,8924.7045654416,6276.6,6273.044570597241,6278.339730360829
commons-configuration,random,classes,6279,2429,spader_chao,5110.193,4724.627,5560.517,6276.6,6273.044570597241,6278.339730360829
commons-configuration,random,classes,6279,2429,spader_ice,5266.195,4943.312,5630.543,6276.6,6273.044570597241,6278.339730360829
commons-configuration,random,classes,6279,2429,spader_ice1,7750.545,6997.902,8627.172,6276.6,6273.044570597241,6278.339730360829
commons-configuration,random,classes,6279,2429,spader_ichao2,5617.574,5302.044,5967.758,6276.6,6273.044570597241,6278.339730360829
commons-configuration,random,classes,6279,2429,species_chaobunge,-4670.0,-3081.0,-6736.0,6276.6,6273.044570597241,6278.339730360829
commons-configuration,random,classes,6279,2429,species_jackknife,7169.0,6576.0,7762.0,6276.6,6273.044570597241,6278.339730360829
commons-configuration,random,classes,6279,2429,species_pcg,9832.0,6897.0,12319.0,6276.6,6273.044570597241,6278.339730360829
commons-configuration,random,classes,6279,2429,species_pnpmle,7382.0,5500.0,8346.0,6276.6,6273.044570597241,6278.339730360829
commons-configuration,random,classes,6279,2429,species_unpmle,76980122.0,5773.0,86769473.0,6276.6,6273.044570597241,6278.339730360829
commons-configuration,random,classes,6279,2429,zelterman,6166.25081570115,5568.60065740065,6763.90097400166,6276.6,6273.044570597241,6278.339730360829
commons-configuration,random,methods,6279,2429,bootstrap,2937.14786805108,2878.49308389118,2995.80265221097,6276.6,6273.044570597241,6278.339730360829
commons-configuration,random,methods,6279,2429,ice,9646.35319269074,8023.22994328444,11269.476442097,6276.6,6273.044570597241,6278.339730360829
commons-configuration,random,methods,6279,2429,spader_chao,3102.898,2980.319,3252.73,6276.6,6273.044570597241,6278.339730360829
commons-configuration,random,methods,6279,2429,spader_ice,3026.888,2939.106,3129.776,6276.6,6273.044570597241,6278.339730360829
commons-configuration,random,methods,6279,2429,spader_ice1,3211.459,3084.436,3363.099,6276.6,6273.044570597241,6278.339730360829
commons-configuration,random,methods,6279,2429,spader_ichao2,3254.364,3168.725,3349.917,6276.6,6273.044570597241,6278.339730360829
commons-configuration,random,methods,6279,2429,species_chaobunge,3423.0,3212.0,3667.0,6276.6,6273.044570597241,6278.339730360829
commons-configuration,random,methods,6279,2429,species_jackknife,3924.0,3596.0,4252.0,6276.6,6273.044570597241,6278.339730360829
commons-configuration,random,methods,6279,2429,species_pcg,3565.0,3234.0,4635.0,6276.6,6273.044570597241,6278.339730360829
commons-configuration,random,methods,6279,2429,species_pnpmle,3674.0,3270.0,4217.0,6276.6,6273.044570597241,6278.339730360829
commons-configuration,random,methods,6279,2429,species_unpmle,3696.0,3551.0,8432.0,6276.6,6273.044570597241,6278.339730360829
commons-configuration,random,methods,6279,2429,zelterman,3873.33665738515,3558.49383148755,4188.17948328275,6276.6,6273.044570597241,6278.339730360829
commons-csv,dynamosa,classes,635,481,bootstrap,649.937683475099,528.103836933724,771.771530016474,626.0,618.4878730531559,630.8159131265645
commons-csv,dynamosa,classes,635,481,ice,908.076450089644,807.170773246829,1008.98212693246,626.0,618.4878730531559,630.8159131265645
commons-csv,dynamosa,classes,635,481,spader_chao,816.883,724.89,943.576,626.0,618.4878730531559,630.8159131265645
commons-csv,dynamosa,classes,635,481,spader_ice,851.874,762.201,970.143,626.0,618.4878730531559,630.8159131265645
commons-csv,dynamosa,classes,635,481,spader_ice1,996.188,854.139,1192.314,626.0,618.4878730531559,630.8159131265645
commons-csv,dynamosa,classes,635,481,spader_ichao2,899.838,836.128,974.978,626.0,618.4878730531559,630.8159131265645
commons-csv,dynamosa,classes,635,481,species_chaobunge,1291.0,918.0,1981.0,626.0,618.4878730531559,630.8159131265645
commons-csv,dynamosa,classes,635,481,species_jackknife,1266.0,969.0,1563.0,626.0,618.4878730531559,630.8159131265645
commons-csv,dynamosa,classes,635,481,species_pcg,1021.0,916.0,1655.0,626.0,618.4878730531559,630.8159131265645
commons-csv,dynamosa,classes,635,481,species_pnpmle,1036.0,900.0,1399.0,626.0,618.4878730531559,630.8159131265645
commons-csv,dynamosa,classes,635,481,species_unpmle,1049.0,867.0,2489120.0,626.0,618.4878730531559,630.8159131265645
commons-csv,dynamosa,classes,635,481,zelterman,921.281572556342,769.501022952736,1073.06212215995,626.0,618.4878730531559,630.8159131265645
commons-csv,dynamosa,methods,635,481,bootstrap,557.827051504828,540.490241904214,575.163861105441,626.0,618.4878730531559,630.8159131265645
commons-csv,dynamosa,methods,635,481,ice,992.509928950055,846.060186131338,1138.95967176877,626.0,618.4878730531559,630.8159131265645
commons-csv,dynamosa,methods,635,481,spader_chao,556.42,526.089,607.153,626.0,618.4878730531559,630.8159131265645
commons-csv,dynamosa,methods,635,481,spader_ice,560.433,533.635,600.874,626.0,618.4878730531559,630.8159131265645
commons-csv,dynamosa,methods,635,481,spader_ice1,581.643,545.072,639.089,626.0,618.4878730531559,630.8159131265645
commons-csv,dynamosa,methods,635,481,spader_ichao2,572.45,549.188,603.646,626.0,618.4878730531559,630.8159131265645
commons-csv,dynamosa,methods,635,481,species_chaobunge,600.0,541.0,673.0,626.0,618.4878730531559,630.8159131265645
commons-csv,dynamosa,methods,635,481,species_jackknife,612.0,565.0,659.0,626.0,618.4878730531559,630.8159131265645
commons-csv,dynamosa,methods,635,481,species_pcg,645.0,541.0,756.0,626.0,618.4878730531559,630.8159131265645
commons-csv,dynamosa,methods,635,481,species_pnpmle,839.0,782.0,927.0,626.0,618.4878730531559,630.8159131265645
commons-csv,dynamosa,methods,635,481,species_unpmle,582.0,548.0,825.0,626.0,618.4878730531559,630.8159131265645
commons-csv,dynamosa,methods,635,481,zelterman,668.610588623478,557.640556614856,779.580620632099,626.0,618.4878730531559,630.8159131265645
commons-csv,organic,classes,635,515,bootstrap,654.827135638197,556.155820978689,753.498450297705,626.0,618.4878730531559,630.8159131265645
commons-csv,organic,classes,635,515,ice,783.580917346158,721.50186721522,845.659967477097,626.0,618.4878730531559,630.8159131265645
commons-csv,organic,classes,635,515,spader_chao,793.108,707.218,917.378,626.0,618.4878730531559,630.8159131265645
commons-csv,organic,classes,635,515,spader_ice,731.452,676.694,804.755,626.0,618.4878730531559,630.8159131265645
commons-csv,organic,classes,635,515,spader_ice1,815.724,730.799,934.072,626.0,618.4878730531559,630.8159131265645
commons-csv,organic,classes,635,515,spader_ichao2,837.637,770.375,922.615,626.0,618.4878730531559,630.8159131265645
commons-csv,organic,classes,635,515,species_chaobunge,892.0,744.0,1122.0,626.0,618.4878730531559,630.8159131265645
commons-csv,organic,classes,635,515,species_jackknife,1096.0,926.0,1266.0,626.0,618.4878730531559,630.8159131265645
commons-csv,organic,classes,635,515,species_pcg,257994.0,258012.0,258127.0,626.0,618.4878730531559,630.8159131265645
commons-csv,organic,classes,635,515,species_pnpmle,1077.0,844.0,1250.0,626.0,618.4878730531559,630.8159131265645
commons-csv,organic,classes,635,515,species_unpmle,1183.0,927.0,6262626.0,626.0,618.4878730531559,630.8159131265645
commons-csv,organic,classes,635,515,zelterman,1018.24181831117,822.422767883819,1214.06086873853,626.0,618.4878730531559,630.8159131265645
commons-csv,organic,methods,635,515,bootstrap,574.61638931809,556.733477042671,592.499301593509,626.0,618.4878730531559,630.8159131265645
commons-csv,organic,methods,635,515,ice,738.813112979381,672.407923649142,805.21830230962,626.0,618.4878730531559,630.8159131265645
commons-csv,organic,methods,635,515,spader_chao,551.303,534.47,582.689,626.0,618.4878730531559,630.8159131265645
commons-csv,organic,methods,635,515,spader_ice,550.235,536.269,573.372,626.0,618.4878730531559,630.8159131265645
commons-csv,organic,methods,635,515,spader_ice1,554.727,538.507,582.139,626.0,618.4878730531559,630.8159131265645
commons-csv,organic,methods,635,515,spader_ichao2,560.32,548.776,575.809,626.0,618.4878730531559,630.8159131265645
commons-csv,organic,methods,635,515,species_chaobunge,556.0,534.0,580.0,626.0,618.4878730531559,630.8159131265645
commons-csv,organic,methods,635,515,species_jackknife,580.0,558.0,602.0,626.0,618.4878730531559,630.8159131265645
commons-csv,organic,methods,635,515,species_pcg,558.0,539.0,627.0,626.0,618.4878730531559,630.8159131265645
commons-csv,organic,methods,635,515,species_pnpmle,562.0,543.0,658.0,626.0,618.4878730531559,630.8159131265645
commons-csv,organic,methods,635,515,species_unpmle,561.0,539.0,636.0,626.0,618.4878730531559,630.8159131265645
commons-csv,organic,methods,635,515,zelterman,618.887443061514,537.026750178887,700.748135944142,626.0,618.4878730531559,630.8159131265645
commons-csv,random,classes,635,378,bootstrap,493.003061118192,403.626715842647,582.379406393737,626.0,618.4878730531559,630.8159131265645
commons-csv,random,classes,635,378,ice,563.53991784992,512.897249260511,614.182586439328,626.0,618.4878730531559,630.8159131265645
commons-csv,random,classes,635,378,spader_chao,526.09,478.332,596.58,626.0,618.4878730531559,630.8159131265645
commons-csv,random,classes,635,378,spader_ice,542.171,495.792,606.81,626.0,618.4878730531559,630.8159131265645
commons-csv,random,classes,635,378,spader_ice1,589.374,524.093,683.827,626.0,618.4878730531559,630.8159131265645
commons-csv,random,classes,635,378,spader_ichao2,559.608,527.505,598.603,626.0,618.4878730531559,630.8159131265645
commons-csv,random,classes,635,378,species_chaobunge,615.0,526.0,757.0,626.0,618.4878730531559,630.8159131265645
commons-csv,random,classes,635,378,species_jackknife,634.0,570.0,698.0,626.0,618.4878730531559,630.8159131265645
commons-csv,random,classes,635,378,species_pcg,647.0,605.0,860.0,626.0,618.4878730531559,630.8159131265645
commons-csv,random,classes,635,378,species_pnpmle,654.0,510.0,799.0,626.0,618.4878730531559,630.8159131265645
commons-csv,random,classes,635,378,species_unpmle,657.0,559.0,2117.0,626.0,618.4878730531559,630.8159131265645
commons-csv,random,classes,635,378,zelterman,574.068179875744,487.049784088996,661.086575662491,626.0,618.4878730531559,630.8159131265645
commons-csv,random,methods,635,378,bootstrap,433.938932205481,420.094395257219,447.783469153743,626.0,618.4878730531559,630.8159131265645
commons-csv,random,methods,635,378,ice,596.739030099142,524.04839011589,669.429670082394,626.0,618.4878730531559,630.8159131265645
commons-csv,random,methods,635,378,spader_chao,430.401,406.56,474.144,626.0,618.4878730531559,630.8159131265645
commons-csv,random,methods,635,378,spader_ice,428.323,408.978,459.748,626.0,618.4878730531559,630.8159131265645
commons-csv,random,methods,635,378,spader_ice1,440.149,414.86,482.79,626.0,618.4878730531559,630.8159131265645
commons-csv,random,methods,635,378,spader_ichao2,432.159,408.384,474.537,626.0,618.4878730531559,630.8159131265645
commons-csv,random,methods,635,378,species_chaobunge,448.0,410.0,494.0,626.0,618.4878730531559,630.8159131265645
commons-csv,random,methods,635,378,species_jackknife,470.0,430.0,510.0,626.0,618.4878730531559,630.8159131265645
commons-csv,random,methods,635,378,species_pcg,428.0,411.0,534.0,626.0,618.4878730531559,630.8159131265645
commons-csv,random,methods,635,378,species_pnpmle,430.0,407.0,490.0,626.0,618.4878730531559,630.8159131265645
commons-csv,random,methods,635,378,species_unpmle,430.0,414.0,534.0,626.0,618.4878730531559,630.8159131265645
commons-csv,random,methods,635,378,zelterman,520.761325085595,420.403985706205,621.118664464985,626.0,618.4878730531559,630.8159131265645
commons-dbcp,dynamosa,classes,4230,1127,bootstrap,1655.26174387033,1477.6589059786,1832.86458176205,4229.89,4229.4009467606875,4229.997215393637
commons-dbcp,dynamosa,classes,4230,1127,ice,6031.92196914222,4347.23775818075,7716.6061801037,4229.89,4229.4009467606875,4229.997215393637
commons-dbcp,dynamosa,classes,4230,1127,spader_chao,4815.345,4072.267,5745.898,4229.89,4229.4009467606875,4229.997215393637
commons-dbcp,dynamosa,classes,4230,1127,spader_ice,5197.244,4391.681,6201.58,4229.89,4229.4009467606875,4229.997215393637
commons-dbcp,dynamosa,classes,4230,1127,spader_ice1,8511.354,6426.558,11416.29,4229.89,4229.4009467606875,4229.997215393637
commons-dbcp,dynamosa,classes,4230,1127,spader_ichao2,5275.577,4570.76,6124.646,4229.89,4229.4009467606875,4229.997215393637
commons-dbcp,dynamosa,classes,4230,1127,species_chaobunge,-1027.0,-564.0,-1617.0,4229.89,4229.4009467606875,4229.997215393637
commons-dbcp,dynamosa,classes,4230,1127,species_jackknife,5011.0,4601.0,5421.0,4229.89,4229.4009467606875,4229.997215393637
commons-dbcp,dynamosa,classes,4230,1127,species_pcg,10860.0,77268.0,293820.0,4229.89,4229.4009467606875,4229.997215393637
commons-dbcp,dynamosa,classes,4230,1127,species_pnpmle,7330.0,4944.0,7934.0,4229.89,4229.4009467606875,4229.997215393637
commons-dbcp,dynamosa,classes,4230,1127,species_unpmle,154638.0,4385.0,37052492.0,4229.89,4229.4009467606875,4229.997215393637
commons-dbcp,dynamosa,classes,4230,1127,zelterman,5148.57818787452,4230.0228567213,6067.13351902775,4229.89,4229.4009467606875,4229.997215393637
commons-dbcp,dynamosa,methods,4230,1127,bootstrap,1444.52123273625,1420.49041795203,1468.55204752046,4229.89,4229.4009467606875,4229.997215393637
commons-dbcp,dynamosa,methods,4230,1127,ice,12086.1173619708,4899.43088315002,19272.8038407916,4229.89,4229.4009467606875,4229.997215393637
commons-dbcp,dynamosa,methods,4230,1127,spader_chao,1629.698,1518.349,1772.729,4229.89,4229.4009467606875,4229.997215393637
commons-dbcp,dynamosa,methods,4230,1127,spader_ice,1569.509,1486.952,1671.001,4229.89,4229.4009467606875,4229.997215393637
commons-dbcp,dynamosa,methods,4230,1127,spader_ice1,1705.512,1582.806,1861.251,4229.89,4229.4009467606875,4229.997215393637
commons-dbcp,dynamosa,methods,4230,1127,spader_ichao2,1755.045,1689.31,1828.463,4229.89,4229.4009467606875,4229.997215393637
commons-dbcp,dynamosa,methods,4230,1127,species_chaobunge,1926.0,1686.0,2248.0,4229.89,4229.4009467606875,4229.997215393637
commons-dbcp,dynamosa,methods,4230,1127,species_jackknife,2895.0,2449.0,3341.0,4229.89,4229.4009467606875,4229.997215393637
commons-dbcp,dynamosa,methods,4230,1127,species_pcg,3988.0,1842.0,3020.0,4229.89,4229.4009467606875,4229.997215393637
commons-dbcp,dynamosa,methods,4230,1127,species_pnpmle,2511.0,1841.0,2304.0,4229.89,4229.4009467606875,4229.997215393637
commons-dbcp,dynamosa,methods,4230,1127,species_unpmle,25860981.0,1732.0,28837665.0,4229.89,4229.4009467606875,4229.997215393637
commons-dbcp,dynamosa,methods,4230,1127,zelterman,1943.84699201763,1722.74819955616,2164.94578447909,4229.89,4229.4009467606875,4229.997215393637
commons-dbcp,organic,classes,4230,4219,bootstrap,4262.56670694169,3730.39717087935,4794.73624300404,4229.89,4229.4009467606875,4229.997215393637
commons-dbcp,organic,classes,4230,4219,ice,4219.25081743059,4218.90344606429,4219.5981887969,4229.89,4229.4009467606875,4229.997215393637
commons-dbcp,organic,classes,4230,4219,spader_chao,-1.0,-1.0,-1.0,4229.89,4229.4009467606875,4229.997215393637
commons-dbcp,organic,classes,4230,4219,spader_ice,-1.0,-1.0,-1.0,4229.89,4229.4009467606875,4229.997215393637
commons-dbcp,organic,classes,4230,4219,spader_ice1,-1.0,-1.0,-1.0,4229.89,4229.4009467606875,4229.997215393637
commons-dbcp,organic,classes,4230,4219,spader_ichao2,-1.0,-1.0,-1.0,4229.89,4229.4009467606875,4229.997215393637
commons-dbcp,organic,classes,4230,4219,species_chaobunge,4219.0,4219.0,4219.0,4229.89,4229.4009467606875,4229.997215393637
commons-dbcp,organic,classes,4230,4219,species_jackknife,4221.0,4217.0,4225.0,4229.89,4229.4009467606875,4229.997215393637
commons-dbcp,organic,classes,4230,4219,species_pcg,2113280.0,1058595605.0,1058596103.0,4229.89,4229.4009467606875,4229.997215393637
commons-dbcp,organic,classes,4230,4219,zelterman,-1.0,-1.0,-1.0,4229.89,4229.4009467606875,4229.997215393637
commons-dbcp,organic,methods,4230,4219,bootstrap,4219.23486106499,4218.52195841571,4219.94776371427,4229.89,4229.4009467606875,4229.997215393637
commons-dbcp,organic,methods,4230,4219,ice,4219.0,4219.0,4219.0,4229.89,4229.4009467606875,4229.997215393637
commons-dbcp,organic,methods,4230,4219,spader_chao,-1.0,-1.0,-1.0,4229.89,4229.4009467606875,4229.997215393637
commons-dbcp,organic,methods,4230,4219,spader_ice,-1.0,-1.0,-1.0,4229.89,4229.4009467606875,4229.997215393637
commons-dbcp,organic,methods,4230,4219,spader_ice1,-1.0,-1.0,-1.0,4229.89,4229.4009467606875,4229.997215393637
commons-dbcp,organic,methods,4230,4219,spader_ichao2,-1.0,-1.0,-1.0,4229.89,4229.4009467606875,4229.997215393637
commons-dbcp,organic,methods,4230,4219,species_chaobunge,4219.0,4219.0,4219.0,4229.89,4229.4009467606875,4229.997215393637
commons-dbcp,organic,methods,4230,4219,species_jackknife,-1.0,-1.0,-1.0,4229.89,4229.4009467606875,4229.997215393637
commons-dbcp,organic,methods,4230,4219,species_pcg,4219.0,4219.0,4219.0,4229.89,4229.4009467606875,4229.997215393637
commons-dbcp,organic,methods,4230,4219,species_unpmle,4219.0,4219.0,4219.0,4229.89,4229.4009467606875,4229.997215393637
commons-dbcp,organic,methods,4230,4219,zelterman,-1.0,-1.0,-1.0,4229.89,4229.4009467606875,4229.997215393637
commons-dbcp,random,classes,4230,829,bootstrap,1167.62415104439,1050.87192577718,1284.3763763116,4229.89,4229.4009467606875,4229.997215393637
commons-dbcp,random,classes,4230,829,ice,2831.46245822892,2365.32086487854,3297.6040515793,4229.89,4229.4009467606875,4229.997215393637
commons-dbcp,random,classes,4230,829,spader_chao,3021.593,2501.69,3703.091,4229.89,4229.4009467606875,4229.997215393637
commons-dbcp,random,classes,4230,829,spader_ice,2605.818,2276.884,3009.48,4229.89,4229.4009467606875,4229.997215393637
commons-dbcp,random,classes,4230,829,spader_ice1,4373.213,3556.989,5433.653,4229.89,4229.4009467606875,4229.997215393637
commons-dbcp,random,classes,4230,829,spader_ichao2,3350.521,2469.841,4703.882,4229.89,4229.4009467606875,4229.997215393637
commons-dbcp,random,classes,4230,829,species_chaobunge,-770.0,-505.0,-1088.0,4229.89,4229.4009467606875,4229.997215393637
commons-dbcp,random,classes,4230,829,species_jackknife,3660.0,3306.0,4014.0,4229.89,4229.4009467606875,4229.997215393637
commons-dbcp,random,classes,4230,829,species_pcg,15984.0,114799.0,420822.0,4229.89,4229.4009467606875,4229.997215393637
commons-dbcp,random,classes,4230,829,species_pnpmle,4596.0,3003.0,4293.0,4229.89,4229.4009467606875,4229.997215393637
commons-dbcp,random,classes,4230,829,species_unpmle,43333970.0,3427.0,25042378.0,4229.89,4229.4009467606875,4229.997215393637
commons-dbcp,random,classes,4230,829,zelterman,3496.42913581086,2764.13158114674,4228.72669047498,4229.89,4229.4009467606875,4229.997215393637
commons-dbcp,random,methods,4230,829,bootstrap,1084.5517081647,1053.09498079555,1116.00843553384,4229.89,4229.4009467606875,4229.997215393637
commons-dbcp,random,methods,4230,829,ice,2774.03700649244,2377.64309579674,3170.43091718814,4229.89,4229.4009467606875,4229.997215393637
commons-dbcp,random,methods,4230,829,spader_chao,1180.85,1097.278,1290.455,4229.89,4229.4009467606875,4229.997215393637
commons-dbcp,random,methods,4230,829,spader_ice,1349.494,1232.906,1499.735,4229.89,4229.4009467606875,4229.997215393637
commons-dbcp,random,methods,4230,829,spader_ice1,1541.588,1343.407,1816.122,4229.89,4229.4009467606875,4229.997215393637
commons-dbcp,random,methods,4230,829,spader_ichao2,1248.082,1173.209,1339.241,4229.89,4229.4009467606875,4229.997215393637
commons-dbcp,random,methods,4230,829,species_chaobunge,2310.0,1456.0,4079.0,4229.89,4229.4009467606875,4229.997215393637
commons-dbcp,random,methods,4230,829,species_jackknife,1366.0,1275.0,1457.0,4229.89,4229.4009467606875,4229.997215393637
commons-dbcp,random,methods,4230,829,species_pcg,1285.0,1179.0,1431.0,4229.89,4229.4009467606875,4229.997215393637
commons-dbcp,random,methods,4230,829,species_pnpmle,1206.0,1172.0,1553.0,4229.89,4229.4009467606875,4229.997215393637
commons-dbcp,random,methods,4230,829,species_unpmle,1204.0,1153.0,1830.0,4229.89,4229.4009467606875,4229.997215393637
commons-dbcp,random,methods,4230,829,zelterman,1292.93131177077,1151.32452180126,1434.53810174029,4229.89,4229.4009467606875,4229.997215393637
commons-imaging,dynamosa,classes,11597,5221,bootstrap,7535.23665869065,7052.3278196467,8018.14549773461,11597.0,11372.96353929694,11597.0
commons-imaging,dynamosa,classes,11597,5221,ice,21895.7388334663,19853.460635193,23938.0170317397,11597.0,11372.96353929694,11597.0
commons-imaging,dynamosa,classes,11597,5221,spader_chao,13648.009,12879.941,14493.102,11597.0,11372.96353929694,11597.0
commons-imaging,dynamosa,classes,11597,5221,spader_ice,15936.864,15002.607,16960.354,11597.0,11372.96353929694,11597.0
commons-imaging,dynamosa,classes,11597,5221,spader_ice1,24108.054,21804.482,26731.61,11597.0,11372.96353929694,11597.0
commons-imaging,dynamosa,classes,11597,5221,spader_ichao2,14745.065,14097.002,15440.445,11597.0,11372.96353929694,11597.0
commons-imaging,dynamosa,classes,11597,5221,species_chaobunge,-7802.0,-5948.0,-9965.0,11597.0,11372.96353929694,11597.0
commons-imaging,dynamosa,classes,11597,5221,species_jackknife,17272.0,16356.0,18188.0,11597.0,11372.96353929694,11597.0
commons-imaging,dynamosa,classes,11597,5221,species_pcg,16032.0,15338.0,33254.0,11597.0,11372.96353929694,11597.0
commons-imaging,dynamosa,classes,11597,5221,species_pnpmle,15926.0,15362.0,17838.0,11597.0,11372.96353929694,11597.0
commons-imaging,dynamosa,classes,11597,5221,species_unpmle,15950.0,15054.0,28851.0,11597.0,11372.96353929694,11597.0
commons-imaging,dynamosa,classes,11597,5221,zelterman,14555.0998533096,13632.3781850054,15477.8215216137,11597.0,11372.96353929694,11597.0
commons-imaging,dynamosa,methods,11597,5221,bootstrap,6417.8966343356,6303.3149056372,6532.47836303399,11597.0,11372.96353929694,11597.0
commons-imaging,dynamosa,methods,11597,5221,ice,11761.0761551564,10765.8999443508,12756.252365962,11597.0,11372.96353929694,11597.0
commons-imaging,dynamosa,methods,11597,5221,spader_chao,6323.97,6184.964,6483.02,11597.0,11372.96353929694,11597.0
commons-imaging,dynamosa,methods,11597,5221,spader_ice,6295.714,6186.619,6417.134,11597.0,11372.96353929694,11597.0
commons-imaging,dynamosa,methods,11597,5221,spader_ice1,6532.932,6389.403,6694.091,11597.0,11372.96353929694,11597.0
commons-imaging,dynamosa,methods,11597,5221,spader_ichao2,6594.229,6511.948,6681.756,11597.0,11372.96353929694,11597.0
commons-imaging,dynamosa,methods,11597,5221,species_chaobunge,6703.0,6518.0,6907.0,11597.0,11372.96353929694,11597.0
commons-imaging,dynamosa,methods,11597,5221,species_jackknife,7393.0,7087.0,7699.0,11597.0,11372.96353929694,11597.0
commons-imaging,dynamosa,methods,11597,5221,species_pcg,7339.0,6640.0,8258.0,11597.0,11372.96353929694,11597.0
commons-imaging,dynamosa,methods,11597,5221,species_pnpmle,6817.0,6651.0,7962.0,11597.0,11372.96353929694,11597.0
commons-imaging,dynamosa,methods,11597,5221,species_unpmle,6810.0,6527.0,7893.0,11597.0,11372.96353929694,11597.0
commons-imaging,dynamosa,methods,11597,5221,zelterman,7153.29608052452,6851.75723233611,7454.83492871292,11597.0,11372.96353929694,11597.0
commons-imaging,organic,classes,11597,5411,bootstrap,7264.16794819661,6689.01909783784,7839.31679855538,11597.0,11372.96353929694,11597.0
commons-imaging,organic,classes,11597,5411,ice,13162.9562566169,12429.7212066797,13896.1913065541,11597.0,11372.96353929694,11597.0
commons-imaging,organic,classes,11597,5411,spader_chao,8799.622,8466.401,9169.183,11597.0,11372.96353929694,11597.0
commons-imaging,organic,classes,11597,5411,spader_ice,8966.556,8674.831,9284.355,11597.0,11372.96353929694,11597.0
commons-imaging,organic,classes,11597,5411,spader_ice1,10610.001,10099.925,11175.564,11597.0,11372.96353929694,11597.0
commons-imaging,organic,classes,11597,5411,spader_ichao2,9634.18,9420.645,9859.088,11597.0,11372.96353929694,11597.0
commons-imaging,organic,classes,11597,5411,species_chaobunge,17326.0,14543.0,20932.0,11597.0,11372.96353929694,11597.0
commons-imaging,organic,classes,11597,5411,species_jackknife,13612.0,12638.0,14586.0,11597.0,11372.96353929694,11597.0
commons-imaging,organic,classes,11597,5411,species_pcg,24329.0,10536.0,21218.0,11597.0,11372.96353929694,11597.0
commons-imaging,organic,classes,11597,5411,species_pnpmle,19284.0,13221.0,16994.0,11597.0,11372.96353929694,11597.0
commons-imaging,organic,classes,11597,5411,species_unpmle,118218125.0,10531.0,116046457.0,11597.0,11372.96353929694,11597.0
commons-imaging,organic,classes,11597,5411,zelterman,10063.5514799064,9547.51347305335,10579.5894867595,11597.0,11372.96353929694,11597.0
commons-imaging,organic,methods,11597,5411,bootstrap,6730.75716261096,6341.44181058705,7120.07251463486,11597.0,11372.96353929694,11597.0
commons-imaging,organic,methods,11597,5411,ice,13665.5431606842,12634.2006739502,14696.8856474182,11597.0,11372.96353929694,11597.0
commons-imaging,organic,methods,11597,5411,spader_chao,8049.856,7744.087,8395.699,11597.0,11372.96353929694,11597.0
commons-imaging,organic,methods,11597,5411,spader_ice,7599.495,7399.98,7819.023,11597.0,11372.96353929694,11597.0
commons-imaging,organic,methods,11597,5411,spader_ice1,8702.956,8357.513,9088.899,11597.0,11372.96353929694,11597.0
commons-imaging,organic,methods,11597,5411,spader_ichao2,8470.987,8232.839,8729.234,11597.0,11372.96353929694,11597.0
commons-imaging,organic,methods,11597,5411,species_chaobunge,11866.0,10547.0,13461.0,11597.0,11372.96353929694,11597.0
commons-imaging,organic,methods,11597,5411,species_jackknife,9828.0,9331.0,10325.0,11597.0,11372.96353929694,11597.0
commons-imaging,organic,methods,11597,5411,species_pcg,9049.0,8392.0,9823.0,11597.0,11372.96353929694,11597.0
commons-imaging,organic,methods,11597,5411,species_pnpmle,8905.0,8287.0,10095.0,11597.0,11372.96353929694,11597.0
commons-imaging,organic,methods,11597,5411,species_unpmle,8903.0,8243.0,12946.0,11597.0,11372.96353929694,11597.0
commons-imaging,organic,methods,11597,5411,zelterman,10562.9656929087,9900.87623579494,11225.0551500225,11597.0,11372.96353929694,11597.0
commons-imaging,random,classes,11597,5121,bootstrap,7323.72539664996,6780.69600481061,7866.75478848931,11597.0,11372.96353929694,11597.0
commons-imaging,random,classes,11597,5121,ice,22759.1558884421,19237.1550292595,26281.1567476246,11597.0,11372.96353929694,11597.0
commons-imaging,random,classes,11597,5121,spader_chao,12629.052,11942.739,13384.412,11597.0,11372.96353929694,11597.0
commons-imaging,random,classes,11597,5121,spader_ice,15509.492,14637.882,16460.93,11597.0,11372.96353929694,11597.0
commons-imaging,random,classes,11597,5121,spader_ice1,24301.852,22092.538,26798.769,11597.0,11372.96353929694,11597.0
commons-imaging,random,classes,11597,5121,spader_ichao2,13669.508,13096.963,14283.153,11597.0,11372.96353929694,11597.0
commons-imaging,random,classes,11597,5121,species_chaobunge,-6614.0,-5238.0,-8172.0,11597.0,11372.96353929694,11597.0
commons-imaging,random,classes,11597,5121,species_jackknife,16033.0,15125.0,16941.0,11597.0,11372.96353929694,11597.0
commons-imaging,random,classes,11597,5121,species_pcg,14735.0,14323.0,29878.0,11597.0,11372.96353929694,11597.0
commons-imaging,random,classes,11597,5121,species_pnpmle,14708.0,13908.0,17449.0,11597.0,11372.96353929694,11597.0
commons-imaging,random,classes,11597,5121,species_unpmle,14730.0,13703.0,33024.0,11597.0,11372.96353929694,11597.0
commons-imaging,random,classes,11597,5121,zelterman,13446.844064668,12617.3798659741,14276.3082633618,11597.0,11372.96353929694,11597.0
commons-imaging,random,methods,11597,5121,bootstrap,6583.04213824138,6246.34010442,6919.74417206277,11597.0,11372.96353929694,11597.0
commons-imaging,random,methods,11597,5121,ice,20023.2738679927,15975.7190543097,24070.8286816758,11597.0,11372.96353929694,11597.0
commons-imaging,random,methods,11597,5121,spader_chao,7054.662,6841.351,7294.422,11597.0,11372.96353929694,11597.0
commons-imaging,random,methods,11597,5121,spader_ice,7259.748,7068.735,7469.493,11597.0,11372.96353929694,11597.0
commons-imaging,random,methods,11597,5121,spader_ice1,8061.027,7760.704,8395.518,11597.0,11372.96353929694,11597.0
commons-imaging,random,methods,11597,5121,spader_ichao2,7519.873,7387.436,7660.05,11597.0,11372.96353929694,11597.0
commons-imaging,random,methods,11597,5121,species_chaobunge,9540.0,8848.0,10346.0,11597.0,11372.96353929694,11597.0
commons-imaging,random,methods,11597,5121,species_jackknife,8943.0,8387.0,9499.0,11597.0,11372.96353929694,11597.0
commons-imaging,random,methods,11597,5121,species_pcg,8004.0,7898.0,10567.0,11597.0,11372.96353929694,11597.0
commons-imaging,random,methods,11597,5121,species_pnpmle,7929.0,7587.0,9645.0,11597.0,11372.96353929694,11597.0
commons-imaging,random,methods,11597,5121,species_unpmle,7924.0,7498.0,10512.0,11597.0,11372.96353929694,11597.0
commons-imaging,random,methods,11597,5121,zelterman,8037.34133553514,7659.21812118944,8415.46454988084,11597.0,11372.96353929694,11597.0
commons-io,dynamosa,classes,3273,2837,bootstrap,4022.44681819375,2981.72700669282,5063.16662969469,3263.4,3251.335697067751,3269.845079197046
commons-io,dynamosa,classes,3273,2837,ice,4133.79170286775,3938.71957927289,4328.86382646261,3263.4,3251.335697067751,3269.845079197046
commons-io,dynamosa,classes,3273,2837,spader_chao,3742.971,3628.702,3873.733,3263.4,3251.335697067751,3269.845079197046
commons-io,dynamosa,classes,3273,2837,spader_ice,4095.624,3974.155,4230.067,3263.4,3251.335697067751,3269.845079197046
commons-io,dynamosa,classes,3273,2837,spader_ice1,4095.624,3974.155,4230.067,3263.4,3251.335697067751,3269.845079197046
commons-io,dynamosa,classes,3273,2837,spader_ichao2,3742.971,3628.702,3873.733,3263.4,3251.335697067751,3269.845079197046
commons-io,dynamosa,classes,3273,2837,species_chaobunge,3937.0,3726.0,4197.0,3263.4,3251.335697067751,3269.845079197046
commons-io,dynamosa,classes,3273,2837,species_jackknife,4588.0,4405.0,4771.0,3263.4,3251.335697067751,3269.845079197046
commons-io,dynamosa,classes,3273,2837,species_pcg,4383.0,4295.0,4729.0,3263.4,3251.335697067751,3269.845079197046
commons-io,dynamosa,classes,3273,2837,species_pnpmle,7214.0,7098.0,8842.0,3263.4,3251.335697067751,3269.845079197046
commons-io,dynamosa,classes,3273,2837,species_unpmle,4385.0,4279.0,5811.0,3263.4,3251.335697067751,3269.845079197046
commons-io,dynamosa,classes,3273,2837,zelterman,3573.10236256166,3444.78001904828,3701.42470607503,3263.4,3251.335697067751,3269.845079197046
commons-io,dynamosa,methods,3273,2837,bootstrap,3593.92327144055,2833.97821584843,4353.86832703267,3263.4,3251.335697067751,3269.845079197046
commons-io,dynamosa,methods,3273,2837,ice,8331.02374644868,7098.84254115676,9563.20495174061,3263.4,3251.335697067751,3269.845079197046
commons-io,dynamosa,methods,3273,2837,spader_chao,3679.944,3549.848,3833.782,3263.4,3251.335697067751,3269.845079197046
commons-io,dynamosa,methods,3273,2837,spader_ice,3653.627,3551.177,3770.775,3263.4,3251.335697067751,3269.845079197046
commons-io,dynamosa,methods,3273,2837,spader_ice1,3881.933,3737.408,4049.657,3263.4,3251.335697067751,3269.845079197046
commons-io,dynamosa,methods,3273,2837,spader_ichao2,3888.519,3810.948,3972.269,3263.4,3251.335697067751,3269.845079197046
commons-io,dynamosa,methods,3273,2837,species_chaobunge,4120.0,3900.0,4378.0,3263.4,3251.335697067751,3269.845079197046
commons-io,dynamosa,methods,3273,2837,species_jackknife,4688.0,4287.0,5089.0,3263.4,3251.335697067751,3269.845079197046
commons-io,dynamosa,methods,3273,2837,species_pcg,5189.0,3811.0,5310.0,3263.4,3251.335697067751,3269.845079197046
commons-io,dynamosa,methods,3273,2837,species_pnpmle,4346.0,3757.0,4519.0,3263.4,3251.335697067751,3269.845079197046
commons-io,dynamosa,methods,3273,2837,species_unpmle,4548.0,3744.0,5097.0,3263.4,3251.335697067751,3269.845079197046
commons-io,dynamosa,methods,3273,2837,zelterman,4219.47730853578,3958.88714180863,4480.06747526294,3263.4,3251.335697067751,3269.845079197046
commons-io,organic,classes,3273,3081,bootstrap,4110.54534642376,3313.37484307885,4907.71584976866,3263.4,3251.335697067751,3269.845079197046
commons-io,organic,classes,3273,3081,ice,4227.58956549944,4076.29743131855,4378.88169968033,3263.4,3251.335697067751,3269.845079197046
commons-io,organic,classes,3273,3081,spader_chao,3673.561,3590.212,3770.554,3263.4,3251.335697067751,3269.845079197046
commons-io,organic,classes,3273,3081,spader_ice,3993.759,3879.646,4124.177,3263.4,3251.335697067751,3269.845079197046
commons-io,organic,classes,3273,3081,spader_ice1,4107.9,3962.141,4277.771,3263.4,3251.335697067751,3269.845079197046
commons-io,organic,classes,3273,3081,spader_ichao2,3673.561,3590.212,3770.554,3263.4,3251.335697067751,3269.845079197046
commons-io,organic,classes,3273,3081,species_chaobunge,4198.0,4019.0,4411.0,3263.4,3251.335697067751,3269.845079197046
commons-io,organic,classes,3273,3081,species_jackknife,4247.0,4152.0,4342.0,3263.4,3251.335697067751,3269.845079197046
commons-io,organic,classes,3273,3081,species_pcg,3966.0,3907.0,4210.0,3263.4,3251.335697067751,3269.845079197046
commons-io,organic,classes,3273,3081,species_pnpmle,6952.0,6875.0,7593.0,3263.4,3251.335697067751,3269.845079197046
commons-io,organic,classes,3273,3081,species_unpmle,3966.0,3907.0,4445.0,3263.4,3251.335697067751,3269.845079197046
commons-io,organic,classes,3273,3081,zelterman,3594.97871682387,3488.22154348919,3701.73589015855,3263.4,3251.335697067751,3269.845079197046
commons-io,organic,methods,3273,3081,bootstrap,3443.63346429291,3373.37601753748,3513.89091104833,3263.4,3251.335697067751,3269.845079197046
commons-io,organic,methods,3273,3081,ice,4247.98392183524,4054.81822216066,4441.14962150981,3263.4,3251.335697067751,3269.845079197046
commons-io,organic,methods,3273,3081,spader_chao,3247.034,3206.578,3300.523,3263.4,3251.335697067751,3269.845079197046
commons-io,organic,methods,3273,3081,spader_ice,3232.743,3202.328,3270.782,3263.4,3251.335697067751,3269.845079197046
commons-io,organic,methods,3273,3081,spader_ice1,3246.229,3212.553,3288.525,3263.4,3251.335697067751,3269.845079197046
commons-io,organic,methods,3273,3081,spader_ichao2,3285.543,3262.475,3311.543,3263.4,3251.335697067751,3269.845079197046
commons-io,organic,methods,3273,3081,species_chaobunge,3249.0,3211.0,3289.0,3263.4,3251.335697067751,3269.845079197046
commons-io,organic,methods,3273,3081,species_jackknife,3424.0,3373.0,3475.0,3263.4,3251.335697067751,3269.845079197046
commons-io,organic,methods,3273,3081,species_pcg,3271.0,3232.0,3514.0,3263.4,3251.335697067751,3269.845079197046
commons-io,organic,methods,3273,3081,species_pnpmle,4917.0,4870.0,5197.0,3263.4,3251.335697067751,3269.845079197046
commons-io,organic,methods,3273,3081,species_unpmle,3291.0,3257.0,3512.0,3263.4,3251.335697067751,3269.845079197046
commons-io,organic,methods,3273,3081,zelterman,3528.91618679029,3365.51312816501,3692.31924541557,3263.4,3251.335697067751,3269.845079197046
commons-io,random,classes,3273,1905,bootstrap,2790.00225043764,2537.2712683647,3042.73323251058,3263.4,3251.335697067751,3269.845079197046
commons-io,random,classes,3273,1905,ice,8513.9815833167,7094.04729195819,9933.91587467521,3263.4,3251.335697067751,3269.845079197046
commons-io,random,classes,3273,1905,spader_chao,7106.544,6301.099,8059.56,3263.4,3251.335697067751,3269.845079197046
commons-io,random,classes,3273,1905,spader_ice,6814.359,6095.254,7656.874,3263.4,3251.335697067751,3269.845079197046
commons-io,random,classes,3273,1905,spader_ice1,9458.216,7965.063,11319.272,3263.4,3251.335697067751,3269.845079197046
commons-io,random,classes,3273,1905,spader_ichao2,7857.656,7114.239,8707.166,3263.4,3251.335697067751,3269.845079197046
commons-io,random,classes,3273,1905,species_chaobunge,-3896.0,-2210.0,-6274.0,3263.4,3251.335697067751,3269.845079197046
commons-io,random,classes,3273,1905,species_jackknife,8106.0,7562.0,8650.0,3263.4,3251.335697067751,3269.845079197046
commons-io,random,classes,3273,1905,species_pcg,22290.0,17187.0,30459.0,3263.4,3251.335697067751,3269.845079197046
commons-io,random,classes,3273,1905,species_pnpmle,11696.0,8180.0,11507.0,3263.4,3251.335697067751,3269.845079197046
commons-io,random,classes,3273,1905,species_unpmle,20116.0,11048.0,123049789.0,3263.4,3251.335697067751,3269.845079197046
commons-io,random,classes,3273,1905,zelterman,7596.18293202793,6622.01820727817,8570.34765677768,3263.4,3251.335697067751,3269.845079197046
commons-io,random,methods,3273,1905,bootstrap,2411.75102409789,2360.45229647108,2463.0497517247,3263.4,3251.335697067751,3269.845079197046
commons-io,random,methods,3273,1905,ice,4605.10413069604,4141.35890337302,5068.84935801905,3263.4,3251.335697067751,3269.845079197046
commons-io,random,methods,3273,1905,spader_chao,2448.278,2349.153,2569.525,3263.4,3251.335697067751,3269.845079197046
commons-io,random,methods,3273,1905,spader_ice,2505.546,2416.3,2610.369,3263.4,3251.335697067751,3269.845079197046
commons-io,random,methods,3273,1905,spader_ice1,2683.548,2555.108,2837.364,3263.4,3251.335697067751,3269.845079197046
commons-io,random,methods,3273,1905,spader_ichao2,2584.061,2527.402,2645.877,3263.4,3251.335697067751,3269.845079197046
commons-io,random,methods,3273,1905,species_chaobunge,2891.0,2682.0,3145.0,3263.4,3251.335697067751,3269.845079197046
commons-io,random,methods,3273,1905,species_jackknife,2931.0,2730.0,3132.0,3263.4,3251.335697067751,3269.845079197046
commons-io,random,methods,3273,1905,species_pcg,2993.0,2636.0,3403.0,3263.4,3251.335697067751,3269.845079197046
commons-io,random,methods,3273,1905,species_pnpmle,2694.0,2379.0,2957.0,3263.4,3251.335697067751,3269.845079197046
commons-io,random,methods,3273,1905,species_unpmle,2631.0,2435.0,3436.0,3263.4,3251.335697067751,3269.845079197046
commons-io,random,methods,3273,1905,zelterman,2737.80987211844,2545.73971032683,2929.88003391006,3263.4,3251.335697067751,3269.845079197046
commons-lang,dynamosa,classes,13061,11294,bootstrap,14880.8679797201,10367.2844145821,19394.451544858,12522.8,12162.94295896444,12775.8934720132
commons-lang,dynamosa,classes,13061,11294,ice,12618.6572285768,12580.8410678262,12656.4733893273,12522.8,12162.94295896444,12775.8934720132
commons-lang,dynamosa,classes,13061,11294,spader_chao,11797.047,11740.211,11861.123,12522.8,12162.94295896444,12775.8934720132
commons-lang,dynamosa,classes,13061,11294,spader_ice,12558.672,12467.783,12656.598,12522.8,12162.94295896444,12775.8934720132
commons-lang,dynamosa,classes,13061,11294,spader_ice1,12558.672,12467.783,12656.598,12522.8,12162.94295896444,12775.8934720132
commons-lang,dynamosa,classes,13061,11294,spader_ichao2,11797.047,11740.211,11861.123,12522.8,12162.94295896444,12775.8934720132
commons-lang,dynamosa,classes,13061,11294,species_chaobunge,11948.0,11879.0,12024.0,12522.8,12162.94295896444,12775.8934720132
commons-lang,dynamosa,classes,13061,11294,species_jackknife,13796.0,13657.0,13935.0,12522.8,12162.94295896444,12775.8934720132
commons-lang,dynamosa,classes,13061,11294,species_pcg,13736.0,13658.0,13990.0,12522.8,12162.94295896444,12775.8934720132
commons-lang,dynamosa,classes,13061,11294,species_pnpmle,13713.0,13669.0,13864.0,12522.8,12162.94295896444,12775.8934720132
commons-lang,dynamosa,classes,13061,11294,species_unpmle,13741.0,13651.0,14353.0,12522.8,12162.94295896444,12775.8934720132
commons-lang,dynamosa,classes,13061,11294,zelterman,11376.3712304005,11350.301411492,11402.4410493089,12522.8,12162.94295896444,12775.8934720132
commons-lang,dynamosa,methods,13061,11294,bootstrap,13662.9427283902,10415.2197734123,16910.6656833682,12522.8,12162.94295896444,12775.8934720132
commons-lang,dynamosa,methods,13061,11294,ice,35342.8379063894,28882.3997941962,41803.2760185827,12522.8,12162.94295896444,12775.8934720132
commons-lang,dynamosa,methods,13061,11294,spader_chao,12610.608,12480.866,12754.533,12522.8,12162.94295896444,12775.8934720132
commons-lang,dynamosa,methods,13061,11294,spader_ice,12772.039,12655.611,12898.422,12522.8,12162.94295896444,12775.8934720132
commons-lang,dynamosa,methods,13061,11294,spader_ice1,12967.136,12828.886,13117.839,12522.8,12162.94295896444,12775.8934720132
commons-lang,dynamosa,methods,13061,11294,spader_ichao2,12890.042,12831.577,12950.731,12522.8,12162.94295896444,12775.8934720132
commons-lang,dynamosa,methods,13061,11294,species_chaobunge,13052.0,12897.0,13215.0,12522.8,12162.94295896444,12775.8934720132
commons-lang,dynamosa,methods,13061,11294,species_jackknife,13918.0,13679.0,14157.0,12522.8,12162.94295896444,12775.8934720132
commons-lang,dynamosa,methods,13061,11294,species_pcg,12998.0,12837.0,13813.0,12522.8,12162.94295896444,12775.8934720132
commons-lang,dynamosa,methods,13061,11294,species_pnpmle,12774.0,12708.0,13385.0,12522.8,12162.94295896444,12775.8934720132
commons-lang,dynamosa,methods,13061,11294,species_unpmle,12772.0,12691.0,13284.0,12522.8,12162.94295896444,12775.8934720132
commons-lang,dynamosa,methods,13061,11294,zelterman,13328.6405878464,13055.7243781323,13601.5567975604,12522.8,12162.94295896444,12775.8934720132
commons-lang,organic,classes,13061,8576,bootstrap,12373.668485005,11711.051163724,13036.285806286,12522.8,12162.94295896444,12775.8934720132
commons-lang,organic,classes,13061,8576,ice,49328.4268620773,43796.1802363226,54860.6734878321,12522.8,12162.94295896444,12775.8934720132
commons-lang,organic,classes,13061,8576,spader_chao,30356.749,28690.031,32161.576,12522.8,12162.94295896444,12775.8934720132
commons-lang,organic,classes,13061,8576,spader_ice,36531.263,34672.982,38521.865,12522.8,12162.94295896444,12775.8934720132
commons-lang,organic,classes,13061,8576,spader_ice1,70989.894,65191.057,77382.682,12522.8,12162.94295896444,12775.8934720132
commons-lang,organic,classes,13061,8576,spader_ichao2,32914.45,31396.89,34532.927,12522.8,12162.94295896444,12775.8934720132
commons-lang,organic,classes,13061,8576,species_chaobunge,-4514.0,-3970.0,-5082.0,12522.8,12162.94295896444,12775.8934720132
commons-lang,organic,classes,13061,8576,species_jackknife,34140.0,33017.0,35263.0,12522.8,12162.94295896444,12775.8934720132
commons-lang,organic,classes,13061,8576,species_pcg,43503.0,39696.0,94466.0,12522.8,12162.94295896444,12775.8934720132
commons-lang,organic,classes,13061,8576,species_pnpmle,50803.0,46833.0,55780.0,12522.8,12162.94295896444,12775.8934720132
commons-lang,organic,classes,13061,8576,species_unpmle,44270.0,37149.0,370606320.0,12522.8,12162.94295896444,12775.8934720132
commons-lang,organic,classes,13061,8576,zelterman,32918.3436869529,30948.9425501568,34887.7448237489,12522.8,12162.94295896444,12775.8934720132
commons-lang,organic,methods,13061,8576,bootstrap,11067.4001115942,10927.3486237492,11207.4515994392,12522.8,12162.94295896444,12775.8934720132
commons-lang,organic,methods,13061,8576,ice,104318.173422457,96358.728178398,112277.618666515,12522.8,12162.94295896444,12775.8934720132
commons-lang,organic,methods,13061,8576,spader_chao,13224.121,12832.443,13651.842,12522.8,12162.94295896444,12775.8934720132
commons-lang,organic,methods,13061,8576,spader_ice,13554.87,13217.326,13916.963,12522.8,12162.94295896444,12775.8934720132
commons-lang,organic,methods,13061,8576,spader_ice1,16172.19,15562.372,16835.237,12522.8,12162.94295896444,12775.8934720132
commons-lang,organic,methods,13061,8576,spader_ichao2,14082.021,13797.294,14382.275,12522.8,12162.94295896444,12775.8934720132
commons-lang,organic,methods,13061,8576,species_chaobunge,29590.0,24894.0,35540.0,12522.8,12162.94295896444,12775.8934720132
commons-lang,organic,methods,13061,8576,species_jackknife,16654.0,15952.0,17356.0,12522.8,12162.94295896444,12775.8934720132
commons-lang,organic,methods,13061,8576,species_pcg,4070061.0,4070404.0,4072042.0,12522.8,12162.94295896444,12775.8934720132
commons-lang,organic,methods,13061,8576,species_pnpmle,14486.0,14193.0,16352.0,12522.8,12162.94295896444,12775.8934720132
commons-lang,organic,methods,13061,8576,species_unpmle,14484.0,14195.0,17352.0,12522.8,12162.94295896444,12775.8934720132
commons-lang,organic,methods,13061,8576,zelterman,15810.0977070995,15131.8285774925,16488.3668367065,12522.8,12162.94295896444,12775.8934720132
commons-lang,random,classes,13061,9357,bootstrap,12574.9836571018,8146.29864861585,17003.6686655877,12522.8,12162.94295896444,12775.8934720132
commons-lang,random,classes,13061,9357,ice,11700.9791716603,11337.1887796726,12064.769563648,12522.8,12162.94295896444,12775.8934720132
commons-lang,random,classes,13061,9357,spader_chao,10711.191,10594.752,10838.584,12522.8,12162.94295896444,12775.8934720132
commons-lang,random,classes,13061,9357,spader_ice,11622.636,11483.324,11771.076,12522.8,12162.94295896444,12775.8934720132
commons-lang,random,classes,13061,9357,spader_ice1,11622.636,11483.324,11771.076,12522.8,12162.94295896444,12775.8934720132
commons-lang,random,classes,13061,9357,spader_ichao2,10711.191,10594.752,10838.584,12522.8,12162.94295896444,12775.8934720132
commons-lang,random,classes,13061,9357,species_chaobunge,11329.0,11124.0,11559.0,12522.8,12162.94295896444,12775.8934720132
commons-lang,random,classes,13061,9357,species_jackknife,12852.0,12688.0,13016.0,12522.8,12162.94295896444,12775.8934720132
commons-lang,random,classes,13061,9357,species_pcg,12580.0,12495.0,12861.0,12522.8,12162.94295896444,12775.8934720132
commons-lang,random,classes,13061,9357,species_pnpmle,21872.0,21739.0,23412.0,12522.8,12162.94295896444,12775.8934720132
commons-lang,random,classes,13061,9357,species_unpmle,12583.0,12498.0,13920.0,12522.8,12162.94295896444,12775.8934720132
commons-lang,random,classes,13061,9357,zelterman,10140.7485123102,10028.8478778264,10252.649146794,12522.8,12162.94295896444,12775.8934720132
commons-lang,random,methods,13061,9357,bootstrap,11868.2001460962,8349.80098315678,15386.5993090357,12522.8,12162.94295896444,12775.8934720132
commons-lang,random,methods,13061,9357,ice,38572.5057390191,32199.0745960234,44945.9368820147,12522.8,12162.94295896444,12775.8934720132
commons-lang,random,methods,13061,9357,spader_chao,12219.733,11980.961,12480.232,12522.8,12162.94295896444,12775.8934720132
commons-lang,random,methods,13061,9357,spader_ice,12761.438,12527.874,13012.207,12522.8,12162.94295896444,12775.8934720132
commons-lang,random,methods,13061,9357,spader_ice1,13769.698,13426.598,14141.725,12522.8,12162.94295896444,12775.8934720132
commons-lang,random,methods,13061,9357,spader_ichao2,12931.363,12798.519,13069.334,12522.8,12162.94295896444,12775.8934720132
commons-lang,random,methods,13061,9357,species_chaobunge,15136.0,14530.0,15803.0,12522.8,12162.94295896444,12775.8934720132
commons-lang,random,methods,13061,9357,species_jackknife,14575.0,14109.0,15041.0,12522.8,12162.94295896444,12775.8934720132
commons-lang,random,methods,13061,9357,species_pcg,12791.0,12609.0,15914.0,12522.8,12162.94295896444,12775.8934720132
commons-lang,random,methods,13061,9357,species_pnpmle,12804.0,12606.0,14204.0,12522.8,12162.94295896444,12775.8934720132
commons-lang,random,methods,13061,9357,species_unpmle,-1.0,-1.0,-1.0,12522.8,12162.94295896444,12775.8934720132
commons-lang,random,methods,13061,9357,zelterman,13318.3517119232,12919.9979997458,13716.7054241006,12522.8,12162.94295896444,12775.8934720132
commons-math,dynamosa,classes,47881,8445,bootstrap,11988.2781156722,10863.0859534626,13113.4702778818,46946.12,46109.89746728838,47469.98512041275
commons-math,dynamosa,classes,47881,8445,ice,51638.2964074835,41902.4778417333,61374.1149732336,46946.12,46109.89746728838,47469.98512041275
commons-math,dynamosa,classes,47881,8445,spader_chao,21201.091,20257.152,22220.463,46946.12,46109.89746728838,47469.98512041275
commons-math,dynamosa,classes,47881,8445,spader_ice,22529.191,21610.203,23512.329,46946.12,46109.89746728838,47469.98512041275
commons-math,dynamosa,classes,47881,8445,spader_ice1,32499.508,30420.577,34775.111,46946.12,46109.89746728838,47469.98512041275
commons-math,dynamosa,classes,47881,8445,spader_ichao2,23695.384,22912.602,24520.519,46946.12,46109.89746728838,47469.98512041275
commons-math,dynamosa,classes,47881,8445,species_chaobunge,-17612.0,-14050.0,-21742.0,46946.12,46109.89746728838,47469.98512041275
commons-math,dynamosa,classes,47881,8445,species_jackknife,29099.0,27922.0,30276.0,46946.12,46109.89746728838,47469.98512041275
commons-math,dynamosa,classes,47881,8445,species_pnpmle,46235.0,31720.0,43224.0,46946.12,46109.89746728838,47469.98512041275
commons-math,dynamosa,classes,47881,8445,species_unpmle,356514556.0,43121.0,358052652.0,46946.12,46109.89746728838,47469.98512041275
commons-math,dynamosa,classes,47881,8445,zelterman,23248.4559625203,22073.6099571405,24423.3019679,46946.12,46109.89746728838,47469.98512041275
commons-math,dynamosa,methods,47881,8445,bootstrap,10671.3300317681,9553.16120570156,11789.4988578347,46946.12,46109.89746728838,47469.98512041275
commons-math,dynamosa,methods,47881,8445,ice,57719.9419969401,39514.0472928352,75925.836701045,46946.12,46109.89746728838,47469.98512041275
commons-math,dynamosa,methods,47881,8445,spader_chao,11265.291,11009.68,11546.379,46946.12,46109.89746728838,47469.98512041275
commons-math,dynamosa,methods,47881,8445,spader_ice,11674.543,11441.182,11926.079,46946.12,46109.89746728838,47469.98512041275
commons-math,dynamosa,methods,47881,8445,spader_ice1,12958.536,12587.113,13363.264,46946.12,46109.89746728838,47469.98512041275
commons-math,dynamosa,methods,47881,8445,spader_ichao2,11936.823,11773.158,12108.536,46946.12,46109.89746728838,47469.98512041275
commons-math,dynamosa,methods,47881,8445,species_chaobunge,15350.0,14465.0,16342.0,46946.12,46109.89746728838,47469.98512041275
commons-math,dynamosa,methods,47881,8445,species_jackknife,13409.0,12987.0,13831.0,46946.12,46109.89746728838,47469.98512041275
commons-math,dynamosa,methods,47881,8445,species_pcg,11695.0,11430.0,13270.0,46946.12,46109.89746728838,47469.98512041275
commons-math,dynamosa,methods,47881,8445,species_pnpmle,18061.0,17883.0,18988.0,46946.12,46109.89746728838,47469.98512041275
commons-math,dynamosa,methods,47881,8445,species_unpmle,11646.0,11499.0,12511.0,46946.12,46109.89746728838,47469.98512041275
commons-math,dynamosa,methods,47881,8445,zelterman,13002.5532944688,12521.5191969193,13483.5873920183,46946.12,46109.89746728838,47469.98512041275
commons-math,organic,classes,47881,36195,bootstrap,40990.6989706234,32171.7441397314,49809.6538015153,46946.12,46109.89746728838,47469.98512041275
commons-math,organic,classes,47881,36195,ice,37029.123166926,36893.4353345432,37164.8109993088,46946.12,46109.89746728838,47469.98512041275
commons-math,organic,classes,47881,36195,spader_chao,36208.099,36202.514,36217.838,46946.12,46109.89746728838,47469.98512041275
commons-math,organic,classes,47881,36195,spader_ice,36341.614,36316.751,36371.553,46946.12,46109.89746728838,47469.98512041275
commons-math,organic,classes,47881,36195,spader_ice1,36341.614,36316.751,36371.553,46946.12,46109.89746728838,47469.98512041275
commons-math,organic,classes,47881,36195,spader_ichao2,36208.099,36202.514,36217.838,46946.12,46109.89746728838,47469.98512041275
commons-math,organic,classes,47881,36195,species_chaobunge,36328.0,36303.0,36354.0,46946.12,46109.89746728838,47469.98512041275
commons-math,organic,classes,47881,36195,species_jackknife,36741.0,36676.0,36806.0,46946.12,46109.89746728838,47469.98512041275
commons-math,organic,classes,47881,36195,species_pcg,37682.0,37659.0,37900.0,46946.12,46109.89746728838,47469.98512041275
commons-math,organic,classes,47881,36195,species_pnpmle,70356.0,70285.0,71102.0,46946.12,46109.89746728838,47469.98512041275
commons-math,organic,classes,47881,36195,species_unpmle,37698.0,37690.0,37954.0,46946.12,46109.89746728838,47469.98512041275
commons-math,organic,classes,47881,36195,zelterman,36195.0,36194.9999996535,36195.0000003465,46946.12,46109.89746728838,47469.98512041275
commons-math,organic,methods,47881,36195,bootstrap,39097.0523754302,32633.3557562399,45560.7489946205,46946.12,46109.89746728838,47469.98512041275
commons-math,organic,methods,47881,36195,ice,40235.6507654644,39537.5412171959,40933.7603137329,46946.12,46109.89746728838,47469.98512041275
commons-math,organic,methods,47881,36195,spader_chao,36219.129,36210.54,36232.466,46946.12,46109.89746728838,47469.98512041275
commons-math,organic,methods,47881,36195,spader_ice,36288.921,36270.022,36312.582,46946.12,46109.89746728838,47469.98512041275
commons-math,organic,methods,47881,36195,spader_ice1,36288.921,36270.022,36312.582,46946.12,46109.89746728838,47469.98512041275
commons-math,organic,methods,47881,36195,spader_ichao2,36219.129,36210.54,36232.466,46946.12,46109.89746728838,47469.98512041275
commons-math,organic,methods,47881,36195,species_chaobunge,36279.0,36259.0,36299.0,46946.12,46109.89746728838,47469.98512041275
commons-math,organic,methods,47881,36195,species_jackknife,36597.0,36541.0,36653.0,46946.12,46109.89746728838,47469.98512041275
commons-math,organic,methods,47881,36195,species_pcg,36710.0,36700.0,36777.0,46946.12,46109.89746728838,47469.98512041275
commons-math,organic,methods,47881,36195,species_pnpmle,36726.0,36716.0,36791.0,46946.12,46109.89746728838,47469.98512041275
commons-math,organic,methods,47881,36195,species_unpmle,36726.0,36739.0,36771.0,46946.12,46109.89746728838,47469.98512041275
commons-math,organic,methods,47881,36195,zelterman,36195.0021121686,36194.9119603197,36195.0922640175,46946.12,46109.89746728838,47469.98512041275
commons-math,random,classes,47881,36692,bootstrap,48928.0880482641,33005.4908058468,64850.6852906814,46946.12,46109.89746728838,47469.98512041275
commons-math,random,classes,47881,36692,ice,145397.771430968,98809.5807741896,191985.962087746,46946.12,46109.89746728838,47469.98512041275
commons-math,random,classes,47881,36692,spader_chao,47623.623,47191.296,48073.751,46946.12,46109.89746728838,47469.98512041275
commons-math,random,classes,47881,36692,spader_ice,54354.443,53741.716,54989.19,46946.12,46109.89746728838,47469.98512041275
commons-math,random,classes,47881,36692,spader_ice1,59024.918,58097.518,59992.498,46946.12,46109.89746728838,47469.98512041275
commons-math,random,classes,47881,36692,spader_ichao2,48072.525,47541.813,48629.196,46946.12,46109.89746728838,47469.98512041275
commons-math,random,classes,47881,36692,species_chaobunge,66514.0,64703.0,68438.0,46946.12,46109.89746728838,47469.98512041275
commons-math,random,classes,47881,36692,species_jackknife,57062.0,56453.0,57671.0,46946.12,46109.89746728838,47469.98512041275
commons-math,random,classes,47881,36692,species_pcg,50402.0,50216.0,51685.0,46946.12,46109.89746728838,47469.98512041275
commons-math,random,classes,47881,36692,species_pnpmle,50429.0,50220.0,55640.0,46946.12,46109.89746728838,47469.98512041275
commons-math,random,classes,47881,36692,species_unpmle,50428.0,50202.0,53070.0,46946.12,46109.89746728838,47469.98512041275
commons-math,random,classes,47881,36692,zelterman,47615.6080169511,47068.5171851476,48162.6988487547,46946.12,46109.89746728838,47469.98512041275
commons-math,random,methods,47881,36692,bootstrap,47470.3887530177,33333.262973026,61607.5145330093,46946.12,46109.89746728838,47469.98512041275
commons-math,random,methods,47881,36692,ice,402105.027160652,316657.958925641,487552.095395664,46946.12,46109.89746728838,47469.98512041275
commons-math,random,methods,47881,36692,spader_chao,53813.98,53125.116,54531.722,46946.12,46109.89746728838,47469.98512041275
commons-math,random,methods,47881,36692,spader_ice,58957.549,58229.81,59709.879,46946.12,46109.89746728838,47469.98512041275
commons-math,random,methods,47881,36692,spader_ice1,70043.01,68743.213,71395.518,46946.12,46109.89746728838,47469.98512041275
commons-math,random,methods,47881,36692,spader_ichao2,57849.422,57402.859,58305.615,46946.12,46109.89746728838,47469.98512041275
commons-math,random,methods,47881,36692,species_chaobunge,119969.0,111356.0,129525.0,46946.12,46109.89746728838,47469.98512041275
commons-math,random,methods,47881,36692,species_jackknife,65249.0,64280.0,66218.0,46946.12,46109.89746728838,47469.98512041275
commons-math,random,methods,47881,36692,species_pcg,55837.0,55373.0,57740.0,46946.12,46109.89746728838,47469.98512041275
commons-math,random,methods,47881,36692,species_pnpmle,56085.0,55762.0,59377.0,46946.12,46109.89746728838,47469.98512041275
commons-math,random,methods,47881,36692,species_unpmle,56083.0,55713.0,58271.0,46946.12,46109.89746728838,47469.98512041275
commons-math,random,methods,47881,36692,zelterman,60210.8268508351,59147.4764880911,61274.1772135792,46946.12,46109.89746728838,47469.98512041275
commons-net,dynamosa,classes,5764,2012,bootstrap,2961.29722341311,2732.51365712517,3190.08078970105,5722.42,5537.557875539729,5762.94741879488
commons-net,dynamosa,classes,5764,2012,ice,14116.8857991767,12104.9921006167,16128.7794977367,5722.42,5537.557875539729,5762.94741879488
commons-net,dynamosa,classes,5764,2012,spader_chao,6330.232,5715.902,7046.455,5722.42,5537.557875539729,5762.94741879488
commons-net,dynamosa,classes,5764,2012,spader_ice,8260.704,7168.301,9584.542,5722.42,5537.557875539729,5762.94741879488
commons-net,dynamosa,classes,5764,2012,spader_ice1,12593.599,9729.887,16519.887,5722.42,5537.557875539729,5762.94741879488
commons-net,dynamosa,classes,5764,2012,spader_ichao2,7031.785,6445.115,7696.094,5722.42,5537.557875539729,5762.94741879488
commons-net,dynamosa,classes,5764,2012,species_chaobunge,-2532.0,-1256.0,-4309.0,5722.42,5537.557875539729,5762.94741879488
commons-net,dynamosa,classes,5764,2012,species_jackknife,7479.0,6923.0,8035.0,5722.42,5537.557875539729,5762.94741879488
commons-net,dynamosa,classes,5764,2012,species_pcg,6754.0,6491.0,13791.0,5722.42,5537.557875539729,5762.94741879488
commons-net,dynamosa,classes,5764,2012,species_pnpmle,6895.0,6270.0,8677.0,5722.42,5537.557875539729,5762.94741879488
commons-net,dynamosa,classes,5764,2012,species_unpmle,6902.0,6230.0,26228.0,5722.42,5537.557875539729,5762.94741879488
commons-net,dynamosa,classes,5764,2012,zelterman,6550.60066916613,5834.39768176571,7266.80365656654,5722.42,5537.557875539729,5762.94741879488
commons-net,dynamosa,methods,5764,2012,bootstrap,2447.93304884245,2411.05140519909,2484.81469248582,5722.42,5537.557875539729,5762.94741879488
commons-net,dynamosa,methods,5764,2012,ice,5403.31009230038,4680.78881341143,6125.83137118934,5722.42,5537.557875539729,5762.94741879488
commons-net,dynamosa,methods,5764,2012,spader_chao,2409.861,2330.08,2509.651,5722.42,5537.557875539729,5762.94741879488
commons-net,dynamosa,methods,5764,2012,spader_ice,2403.134,2339.49,2479.146,5722.42,5537.557875539729,5762.94741879488
commons-net,dynamosa,methods,5764,2012,spader_ice1,2489.836,2406.239,2591.159,5722.42,5537.557875539729,5762.94741879488
commons-net,dynamosa,methods,5764,2012,spader_ichao2,2509.226,2463.44,2559.656,5722.42,5537.557875539729,5762.94741879488
commons-net,dynamosa,methods,5764,2012,species_chaobunge,2552.0,2442.0,2678.0,5722.42,5537.557875539729,5762.94741879488
commons-net,dynamosa,methods,5764,2012,species_jackknife,2817.0,2633.0,3001.0,5722.42,5537.557875539729,5762.94741879488
commons-net,dynamosa,methods,5764,2012,species_pcg,978849.0,978920.0,979317.0,5722.42,5537.557875539729,5762.94741879488
commons-net,dynamosa,methods,5764,2012,species_pnpmle,4306.0,3758.0,4384.0,5722.42,5537.557875539729,5762.94741879488
commons-net,dynamosa,methods,5764,2012,species_unpmle,2237.0,2224.0,2270.0,5722.42,5537.557875539729,5762.94741879488
commons-net,dynamosa,methods,5764,2012,zelterman,2756.48273458606,2563.75298133852,2949.21248783361,5722.42,5537.557875539729,5762.94741879488
commons-net,organic,classes,5764,1606,bootstrap,2329.00417441856,1986.94639951991,2671.0619493172,5722.42,5537.557875539729,5762.94741879488
commons-net,organic,classes,5764,1606,ice,9181.41185965782,8089.01510257332,10273.8086167423,5722.42,5537.557875539729,5762.94741879488
commons-net,organic,classes,5764,1606,spader_chao,5321.434,4714.48,6046.901,5722.42,5537.557875539729,5762.94741879488
commons-net,organic,classes,5764,1606,spader_ice,6996.309,6136.013,8019.984,5722.42,5537.557875539729,5762.94741879488
commons-net,organic,classes,5764,1606,spader_ice1,12708.089,10149.082,16033.626,5722.42,5537.557875539729,5762.94741879488
commons-net,organic,classes,5764,1606,spader_ichao2,6248.102,5665.98,6913.691,5722.42,5537.557875539729,5762.94741879488
commons-net,organic,classes,5764,1606,species_chaobunge,-1060.0,-699.0,-1477.0,5722.42,5537.557875539729,5762.94741879488
commons-net,organic,classes,5764,1606,species_jackknife,6379.0,5887.0,6871.0,5722.42,5537.557875539729,5762.94741879488
commons-net,organic,classes,5764,1606,species_pcg,9485.0,40726.0,59142.0,5722.42,5537.557875539729,5762.94741879488
commons-net,organic,classes,5764,1606,species_pnpmle,7613.0,4994.0,6913.0,5722.42,5537.557875539729,5762.94741879488
commons-net,organic,classes,5764,1606,species_unpmle,65597346.0,5535.0,72548247.0,5722.42,5537.557875539729,5762.94741879488
commons-net,organic,classes,5764,1606,zelterman,5731.19375044922,4979.3080418068,6483.07945909165,5722.42,5537.557875539729,5762.94741879488
commons-net,organic,methods,5764,1606,bootstrap,2142.07212224545,1830.80127259224,2453.34297189866,5722.42,5537.557875539729,5762.94741879488
commons-net,organic,methods,5764,1606,ice,9383.92259947555,8221.91027384066,10545.9349251104,5722.42,5537.557875539729,5762.94741879488
commons-net,organic,methods,5764,1606,spader_chao,3000.382,2758.154,3293.536,5722.42,5537.557875539729,5762.94741879488
commons-net,organic,methods,5764,1606,spader_ice,2964.635,2773.393,3187.205,5722.42,5537.557875539729,5762.94741879488
commons-net,organic,methods,5764,1606,spader_ice1,3824.965,3448.583,4278.23,5722.42,5537.557875539729,5762.94741879488
commons-net,organic,methods,5764,1606,spader_ichao2,3258.939,3069.582,3472.794,5722.42,5537.557875539729,5762.94741879488
commons-net,organic,methods,5764,1606,species_chaobunge,79963.0,4501.0,2052068.0,5722.42,5537.557875539729,5762.94741879488
commons-net,organic,methods,5764,1606,species_jackknife,4313.0,3816.0,4810.0,5722.42,5537.557875539729,5762.94741879488
commons-net,organic,methods,5764,1606,species_pcg,5707.0,3369.0,6749.0,5722.42,5537.557875539729,5762.94741879488
commons-net,organic,methods,5764,1606,species_pnpmle,3935.0,3150.0,4030.0,5722.42,5537.557875539729,5762.94741879488
commons-net,organic,methods,5764,1606,species_unpmle,6456.0,3340.0,26680220.0,5722.42,5537.557875539729,5762.94741879488
commons-net,organic,methods,5764,1606,zelterman,3575.14110192377,3183.04972884408,3967.23247500345,5722.42,5537.557875539729,5762.94741879488
commons-net,random,classes,5764,1844,bootstrap,2655.80065198717,2468.28687790606,2843.31442606827,5722.42,5537.557875539729,5762.94741879488
commons-net,random,classes,5764,1844,ice,18095.2690009367,15825.2659489902,20365.2720528831,5722.42,5537.557875539729,5762.94741879488
commons-net,random,classes,5764,1844,spader_chao,5205.509,4700.535,5799.753,5722.42,5537.557875539729,5762.94741879488
commons-net,random,classes,5764,1844,spader_ice,6215.797,5590.786,6945.067,5722.42,5537.557875539729,5762.94741879488
commons-net,random,classes,5764,1844,spader_ice1,9687.946,8146.786,11605.952,5722.42,5537.557875539729,5762.94741879488
commons-net,random,classes,5764,1844,spader_ichao2,5968.7,5490.661,6509.405,5722.42,5537.557875539729,5762.94741879488
commons-net,random,classes,5764,1844,species_chaobunge,-2135.0,-1390.0,-3054.0,5722.42,5537.557875539729,5762.94741879488
commons-net,random,classes,5764,1844,species_jackknife,6538.0,6008.0,7068.0,5722.42,5537.557875539729,5762.94741879488
commons-net,random,classes,5764,1844,species_pcg,5568.0,5400.0,10060.0,5722.42,5537.557875539729,5762.94741879488
commons-net,random,classes,5764,1844,species_pnpmle,5640.0,5086.0,7205.0,5722.42,5537.557875539729,5762.94741879488
commons-net,random,classes,5764,1844,species_unpmle,5643.0,5179.0,11645.0,5722.42,5537.557875539729,5762.94741879488
commons-net,random,classes,5764,1844,zelterman,5583.26906521747,4956.56683873334,6209.9712917016,5722.42,5537.557875539729,5762.94741879488
commons-net,random,methods,5764,1844,bootstrap,2308.21235846327,2264.22120710305,2352.20350982349,5722.42,5537.557875539729,5762.94741879488
commons-net,random,methods,5764,1844,ice,13869.3655173751,12142.4414033727,15596.2896313774,5722.42,5537.557875539729,5762.94741879488
commons-net,random,methods,5764,1844,spader_chao,2318.003,2228.269,2428.692,5722.42,5537.557875539729,5762.94741879488
commons-net,random,methods,5764,1844,spader_ice,2453.437,2359.072,2565.09,5722.42,5537.557875539729,5762.94741879488
commons-net,random,methods,5764,1844,spader_ice1,2653.663,2512.437,2824.728,5722.42,5537.557875539729,5762.94741879488
commons-net,random,methods,5764,1844,spader_ichao2,2434.765,2379.881,2495.271,5722.42,5537.557875539729,5762.94741879488
commons-net,random,methods,5764,1844,species_chaobunge,2943.0,2675.0,3271.0,5722.42,5537.557875539729,5762.94741879488
commons-net,random,methods,5764,1844,species_jackknife,2660.0,2543.0,2777.0,5722.42,5537.557875539729,5762.94741879488
commons-net,random,methods,5764,1844,species_pcg,2385.0,2330.0,3122.0,5722.42,5537.557875539729,5762.94741879488
commons-net,random,methods,5764,1844,species_pnpmle,2403.0,2297.0,2974.0,5722.42,5537.557875539729,5762.94741879488
commons-net,random,methods,5764,1844,species_unpmle,2400.0,2298.0,2828.0,5722.42,5537.557875539729,5762.94741879488
commons-net,random,methods,5764,1844,zelterman,2581.84552754746,2402.71469822362,2760.97635687131,5722.42,5537.557875539729,5762.94741879488
